session_id,user_id,session_date,session_type,duration_min,completed
1,1,2025-01-01,Push,80,1
2,1,2025-01-02,Pull,72,1
3,1,2025-01-04,Push,80,1
4,1,2025-01-06,Legs,55,1
5,1,2025-01-08,Pull,80,1
6,1,2025-01-09,Legs,38,1
7,1,2025-01-16,Push,53,1
8,1,2025-01-17,Pull,87,1
9,1,2025-01-18,Legs,71,1
10,1,2025-01-20,Pull,76,1
11,1,2025-01-22,Push,93,1
12,1,2025-01-23,Pull,64,1
13,1,2025-01-24,Legs,48,1
14,1,2025-01-25,Push,50,1
15,1,2025-01-26,Pull,84,1
16,1,2025-01-27,Legs,85,1
17,1,2025-01-28,Push,74,1
18,1,2025-01-29,Pull,65,1
19,1,2025-01-30,Legs,107,1
20,1,2025-01-31,Push,72,1
21,1,2025-02-01,Pull,58,1
22,1,2025-02-05,Legs,57,1
23,1,2025-02-06,Push,45,1
24,1,2025-02-08,Legs,64,1
25,1,2025-02-10,Pull,81,1
26,1,2025-02-11,Legs,88,1
27,1,2025-02-13,Pull,64,1
28,1,2025-02-14,Legs,66,1
29,1,2025-02-19,Pull,62,1
30,1,2025-02-20,Legs,87,1
31,1,2025-02-23,Legs,63,1
32,1,2025-02-24,Push,83,1
33,1,2025-02-26,Legs,67,1
34,1,2025-02-27,Push,64,1
35,1,2025-03-02,Push,60,1
36,1,2025-03-03,Pull,58,1
37,1,2025-03-09,Pull,66,1
38,1,2025-03-13,Legs,77,1
39,1,2025-03-15,Pull,60,1
40,1,2025-03-16,Legs,103,1
41,1,2025-03-17,Push,66,1
42,1,2025-03-19,Legs,95,1
43,1,2025-03-21,Pull,71,1
44,1,2025-03-22,Legs,78,1
45,1,2025-03-24,Pull,81,1
46,1,2025-03-25,Legs,74,1
47,1,2025-03-28,Legs,69,1
48,1,2025-03-30,Pull,52,1
49,1,2025-03-31,Legs,78,1
50,1,2025-04-02,Pull,52,1
51,1,2025-04-04,Push,78,1
52,1,2025-04-06,Legs,77,1
53,1,2025-04-07,Push,83,1
54,1,2025-04-11,Pull,73,1
55,1,2025-04-12,Legs,43,1
56,1,2025-04-15,Legs,86,1
57,1,2025-04-17,Pull,75,1
58,1,2025-04-18,Legs,99,1
59,1,2025-04-22,Push,57,1
60,1,2025-04-24,Legs,67,1
61,1,2025-04-27,Legs,87,1
62,1,2025-04-28,Push,70,1
63,1,2025-05-04,Push,92,1
64,1,2025-05-07,Push,81,1
65,1,2025-05-11,Pull,81,1
66,1,2025-05-13,Push,97,1
67,1,2025-05-18,Legs,82,1
68,1,2025-05-19,Push,65,1
69,1,2025-05-23,Pull,96,1
70,1,2025-05-24,Legs,81,1
71,1,2025-05-25,Push,48,1
72,1,2025-05-28,Push,79,1
73,1,2025-05-30,Legs,70,1
74,1,2025-05-31,Push,72,1
75,1,2025-06-02,Legs,80,1
76,1,2025-06-03,Push,85,1
77,1,2025-06-07,Pull,75,1
78,1,2025-06-11,Legs,78,1
79,1,2025-06-13,Pull,50,1
80,1,2025-06-15,Push,83,1
81,1,2025-06-16,Pull,79,1
82,1,2025-06-18,Push,78,1
83,1,2025-06-20,Legs,73,1
84,1,2025-06-21,Push,72,1
85,1,2025-06-28,Pull,64,1
86,2,2025-01-03,Legs,51,1
87,2,2025-01-04,Push,85,1
88,2,2025-01-06,Legs,43,1
89,2,2025-01-09,Legs,62,1
90,2,2025-01-16,Push,65,1
91,2,2025-01-19,Push,57,1
92,2,2025-01-20,Pull,70,1
93,2,2025-01-21,Legs,75,1
94,2,2025-01-26,Pull,57,1
95,2,2025-01-27,Legs,72,1
96,2,2025-01-29,Pull,73,1
97,2,2025-01-31,Push,67,1
98,2,2025-02-01,Pull,76,1
99,2,2025-02-03,Push,99,1
100,2,2025-02-04,Pull,84,1
101,2,2025-02-05,Legs,43,1
102,2,2025-02-06,Push,103,1
103,2,2025-02-08,Legs,91,1
104,2,2025-02-09,Push,65,1
105,2,2025-02-11,Legs,65,1
106,2,2025-02-12,Push,55,1
107,2,2025-02-14,Legs,94,1
108,2,2025-02-15,Push,46,1
109,2,2025-02-18,Push,75,1
110,2,2025-02-19,Pull,81,1
111,2,2025-02-22,Pull,64,1
112,2,2025-02-25,Pull,73,1
113,2,2025-02-26,Legs,90,1
114,2,2025-02-28,Pull,77,1
115,2,2025-03-01,Legs,77,1
116,2,2025-03-02,Push,54,1
117,2,2025-03-03,Pull,65,1
118,2,2025-03-06,Pull,60,1
119,2,2025-03-08,Push,52,1
120,2,2025-03-11,Push,56,1
121,2,2025-03-12,Pull,73,1
122,2,2025-03-15,Pull,82,1
123,2,2025-03-16,Legs,56,1
124,2,2025-03-21,Pull,62,1
125,2,2025-03-22,Legs,110,1
126,2,2025-03-30,Pull,63,1
127,2,2025-03-31,Legs,98,1
128,2,2025-04-01,Push,54,1
129,2,2025-04-03,Legs,79,1
130,2,2025-04-04,Push,102,1
131,2,2025-04-06,Legs,58,1
132,2,2025-04-12,Legs,61,1
133,2,2025-04-13,Push,79,1
134,2,2025-04-17,Pull,51,1
135,2,2025-04-18,Legs,60,1
136,2,2025-04-20,Pull,75,1
137,2,2025-04-21,Legs,68,1
138,2,2025-04-23,Pull,83,1
139,2,2025-04-25,Push,60,1
140,2,2025-04-27,Legs,52,1
141,2,2025-04-29,Pull,64,1
142,2,2025-04-30,Legs,86,1
143,2,2025-05-02,Pull,105,1
144,2,2025-05-03,Legs,71,1
145,2,2025-05-05,Pull,82,1
146,2,2025-05-08,Pull,47,1
147,2,2025-05-10,Push,46,1
148,2,2025-05-16,Push,85,1
149,2,2025-05-19,Push,72,1
150,2,2025-05-21,Legs,69,1
151,2,2025-05-22,Push,51,1
152,2,2025-05-24,Legs,54,1
153,2,2025-05-25,Push,58,1
154,2,2025-05-26,Pull,47,1
155,2,2025-05-27,Legs,90,1
156,2,2025-05-29,Pull,54,1
157,2,2025-05-30,Legs,67,1
158,2,2025-06-03,Push,72,1
159,2,2025-06-04,Pull,82,1
160,2,2025-06-05,Legs,88,1
161,2,2025-06-06,Push,80,1
162,2,2025-06-10,Pull,63,1
163,2,2025-06-13,Pull,81,1
164,2,2025-06-15,Push,73,1
165,2,2025-06-16,Pull,76,1
166,2,2025-06-18,Push,55,1
167,2,2025-06-19,Pull,99,1
168,2,2025-06-21,Push,83,1
169,2,2025-06-23,Legs,74,1
170,2,2025-06-24,Push,61,1
171,2,2025-06-26,Legs,82,1
172,2,2025-06-28,Pull,45,1
173,3,2025-01-01,Push,89,1
174,3,2025-01-02,Pull,74,1
175,3,2025-01-04,Push,56,1
176,3,2025-01-05,Pull,80,1
177,3,2025-01-08,Pull,59,1
178,3,2025-01-09,Legs,51,1
179,3,2025-01-12,Legs,61,1
180,3,2025-01-13,Push,63,1
181,3,2025-01-15,Legs,40,1
182,3,2025-01-18,Legs,67,1
183,3,2025-01-22,Push,92,1
184,3,2025-01-24,Legs,78,1
185,3,2025-01-27,Legs,58,1
186,3,2025-01-28,Push,83,1
187,3,2025-01-29,Pull,68,1
188,3,2025-01-30,Legs,65,1
189,3,2025-01-31,Push,70,1
190,3,2025-02-02,Legs,70,1
191,3,2025-02-03,Push,68,1
192,3,2025-02-04,Pull,90,1
193,3,2025-02-05,Legs,77,1
194,3,2025-02-07,Pull,56,1
195,3,2025-02-09,Push,80,1
196,3,2025-02-10,Pull,81,1
197,3,2025-02-11,Legs,92,1
198,3,2025-02-14,Legs,68,1
199,3,2025-02-15,Push,83,1
200,3,2025-02-16,Pull,47,1
201,3,2025-02-17,Legs,56,1
202,3,2025-02-18,Push,61,1
203,3,2025-02-20,Legs,55,1
204,3,2025-02-21,Push,67,1
205,3,2025-02-24,Push,60,1
206,3,2025-02-25,Pull,50,1
207,3,2025-02-26,Legs,75,1
208,3,2025-02-27,Push,78,1
209,3,2025-03-01,Legs,79,1
210,3,2025-03-02,Push,77,1
211,3,2025-03-04,Legs,77,1
212,3,2025-03-05,Push,63,1
213,3,2025-03-07,Legs,69,1
214,3,2025-03-08,Push,58,1
215,3,2025-03-09,Pull,51,1
216,3,2025-03-11,Push,79,1
217,3,2025-03-12,Pull,61,1
218,3,2025-03-15,Pull,65,1
219,3,2025-03-17,Push,55,1
220,3,2025-03-18,Pull,77,1
221,3,2025-03-19,Legs,80,1
222,3,2025-03-20,Push,64,1
223,3,2025-03-21,Pull,50,1
224,3,2025-03-22,Legs,62,1
225,3,2025-03-23,Push,73,1
226,3,2025-03-24,Pull,72,1
227,3,2025-03-25,Legs,59,1
228,3,2025-03-27,Pull,82,1
229,3,2025-04-02,Pull,88,1
230,3,2025-04-03,Legs,35,1
231,3,2025-04-06,Legs,70,1
232,3,2025-04-08,Pull,63,1
233,3,2025-04-09,Legs,86,1
234,3,2025-04-11,Pull,79,1
235,3,2025-04-13,Push,57,1
236,3,2025-04-18,Legs,66,1
237,3,2025-04-19,Push,87,1
238,3,2025-04-21,Legs,68,1
239,3,2025-04-22,Push,83,1
240,3,2025-04-23,Pull,66,1
241,3,2025-04-25,Push,77,1
242,3,2025-04-28,Push,86,1
243,3,2025-04-29,Pull,58,1
244,3,2025-04-30,Legs,80,1
245,3,2025-05-01,Push,94,1
246,3,2025-05-03,Legs,67,1
247,3,2025-05-07,Push,80,1
248,3,2025-05-08,Pull,96,1
249,3,2025-05-09,Legs,62,1
250,3,2025-05-10,Push,67,1
251,3,2025-05-11,Pull,75,1
252,3,2025-05-13,Push,56,1
253,3,2025-05-14,Pull,64,1
254,3,2025-05-16,Push,52,1
255,3,2025-05-19,Push,61,1
256,3,2025-05-23,Pull,74,1
257,3,2025-05-25,Push,56,1
258,3,2025-05-28,Push,88,1
259,3,2025-05-29,Pull,60,1
260,3,2025-05-31,Push,81,1
261,3,2025-06-01,Pull,72,1
262,3,2025-06-03,Push,59,1
263,3,2025-06-04,Pull,71,1
264,3,2025-06-05,Legs,84,1
265,3,2025-06-09,Push,103,1
266,3,2025-06-10,Pull,64,1
267,3,2025-06-11,Legs,45,1
268,3,2025-06-13,Pull,69,1
269,3,2025-06-17,Legs,77,1
270,3,2025-06-19,Pull,74,1
271,3,2025-06-20,Legs,83,1
272,3,2025-06-21,Push,69,1
273,3,2025-06-22,Pull,95,1
274,3,2025-06-23,Legs,99,1
275,3,2025-06-24,Push,44,1
276,3,2025-06-25,Pull,35,1
277,3,2025-06-26,Legs,58,1
278,3,2025-06-27,Push,92,1
279,3,2025-06-28,Pull,78,1
280,3,2025-06-29,Legs,66,1
281,4,2025-01-02,Back,89,1
282,4,2025-01-03,Shoulders,61,1
283,4,2025-01-05,Legs,94,1
284,4,2025-01-06,Chest,54,1
285,4,2025-01-07,Back,84,1
286,4,2025-01-08,Shoulders,52,1
287,4,2025-01-09,Arms,72,1
288,4,2025-01-11,Chest,85,1
289,4,2025-01-12,Back,74,1
290,4,2025-01-14,Arms,54,1
291,4,2025-01-15,Legs,70,1
292,4,2025-01-17,Back,78,1
293,4,2025-01-19,Arms,64,1
294,4,2025-01-20,Legs,48,1
295,4,2025-01-21,Chest,54,1
296,4,2025-01-22,Back,57,1
297,4,2025-01-24,Arms,68,1
298,4,2025-01-25,Legs,61,1
299,4,2025-01-26,Chest,62,1
300,4,2025-01-30,Legs,48,1
301,4,2025-01-31,Chest,78,1
302,4,2025-02-01,Back,64,1
303,4,2025-02-03,Arms,86,1
304,4,2025-02-04,Legs,48,1
305,4,2025-02-07,Shoulders,87,1
306,4,2025-02-10,Chest,51,1
307,4,2025-02-11,Back,45,1
308,4,2025-02-12,Shoulders,90,1
309,4,2025-02-14,Legs,42,1
310,4,2025-02-15,Chest,72,1
311,4,2025-02-16,Back,75,1
312,4,2025-02-19,Legs,69,1
313,4,2025-02-20,Chest,81,1
314,4,2025-02-21,Back,52,1
315,4,2025-02-25,Chest,76,1
316,4,2025-02-26,Back,83,1
317,4,2025-02-27,Shoulders,51,1
318,4,2025-03-01,Legs,68,1
319,4,2025-03-02,Chest,85,1
320,4,2025-03-03,Back,71,1
321,4,2025-03-04,Shoulders,70,1
322,4,2025-03-05,Arms,56,1
323,4,2025-03-07,Chest,98,1
324,4,2025-03-08,Back,67,1
325,4,2025-03-10,Arms,60,1
326,4,2025-03-13,Back,61,1
327,4,2025-03-14,Shoulders,56,1
328,4,2025-03-17,Chest,71,1
329,4,2025-03-18,Back,64,1
330,4,2025-03-19,Shoulders,65,1
331,4,2025-03-20,Arms,82,1
332,4,2025-03-21,Legs,81,1
333,4,2025-03-22,Chest,78,1
334,4,2025-03-23,Back,55,1
335,4,2025-03-24,Shoulders,71,1
336,4,2025-03-25,Arms,88,1
337,4,2025-03-26,Legs,98,1
338,4,2025-03-27,Chest,75,1
339,4,2025-04-01,Chest,60,1
340,4,2025-04-02,Back,51,1
341,4,2025-04-03,Shoulders,76,1
342,4,2025-04-05,Legs,91,1
343,4,2025-04-09,Arms,41,1
344,4,2025-04-10,Legs,93,1
345,4,2025-04-11,Chest,73,1
346,4,2025-04-12,Back,102,1
347,4,2025-04-20,Legs,75,1
348,4,2025-04-23,Shoulders,79,1
349,4,2025-04-24,Arms,55,1
350,4,2025-04-27,Back,73,1
351,4,2025-04-29,Arms,65,1
352,4,2025-05-01,Chest,45,1
353,4,2025-05-02,Back,80,1
354,4,2025-05-03,Shoulders,63,1
355,4,2025-05-07,Back,70,1
356,4,2025-05-11,Chest,79,1
357,4,2025-05-12,Back,52,1
358,4,2025-05-14,Arms,72,1
359,4,2025-05-23,Shoulders,77,1
360,4,2025-05-25,Legs,69,1
361,4,2025-05-27,Back,66,1
362,4,2025-05-28,Shoulders,44,1
363,4,2025-05-30,Legs,76,1
364,4,2025-06-01,Back,79,1
365,4,2025-06-02,Shoulders,50,1
366,4,2025-06-08,Arms,64,1
367,4,2025-06-10,Chest,65,1
368,4,2025-06-12,Shoulders,64,1
369,4,2025-06-13,Arms,63,1
370,4,2025-06-14,Legs,83,1
371,4,2025-06-17,Shoulders,94,1
372,4,2025-06-18,Arms,66,1
373,4,2025-06-19,Legs,64,1
374,4,2025-06-20,Chest,70,1
375,4,2025-06-21,Back,62,1
376,4,2025-06-22,Shoulders,93,1
377,4,2025-06-23,Arms,85,1
378,4,2025-06-24,Legs,48,1
379,4,2025-06-25,Chest,74,1
380,4,2025-06-26,Back,40,1
381,4,2025-06-27,Shoulders,63,1
382,4,2025-06-29,Legs,72,1
383,5,2025-01-01,Push,67,1
384,5,2025-01-05,Pull,78,1
385,5,2025-01-06,Legs,60,1
386,5,2025-01-07,Push,74,1
387,5,2025-01-10,Push,93,1
388,5,2025-01-12,Legs,58,1
389,5,2025-01-13,Push,69,1
390,5,2025-01-19,Push,84,1
391,5,2025-01-20,Pull,87,1
392,5,2025-01-21,Legs,59,1
393,5,2025-01-23,Pull,115,1
394,5,2025-01-24,Legs,67,1
395,5,2025-01-27,Legs,66,1
396,5,2025-01-28,Push,62,1
397,5,2025-01-30,Legs,64,1
398,5,2025-01-31,Push,62,1
399,5,2025-02-01,Pull,94,1
400,5,2025-02-02,Legs,69,1
401,5,2025-02-03,Push,57,1
402,5,2025-02-05,Legs,75,1
403,5,2025-02-07,Pull,75,1
404,5,2025-02-08,Legs,71,1
405,5,2025-02-09,Push,103,1
406,5,2025-02-11,Legs,66,1
407,5,2025-02-12,Push,93,1
408,5,2025-02-13,Pull,68,1
409,5,2025-02-15,Push,66,1
410,5,2025-02-16,Pull,78,1
411,5,2025-02-17,Legs,70,1
412,5,2025-02-19,Pull,74,1
413,5,2025-02-20,Legs,68,1
414,5,2025-02-21,Push,70,1
415,5,2025-02-22,Pull,70,1
416,5,2025-02-23,Legs,63,1
417,5,2025-02-25,Pull,66,1
418,5,2025-03-06,Pull,51,1
419,5,2025-03-10,Legs,47,1
420,5,2025-03-11,Push,64,1
421,5,2025-03-12,Pull,59,1
422,5,2025-03-13,Legs,50,1
423,5,2025-03-15,Pull,81,1
424,5,2025-03-17,Push,44,1
425,5,2025-03-18,Pull,75,1
426,5,2025-03-20,Push,82,1
427,5,2025-03-22,Legs,97,1
428,5,2025-03-23,Push,71,1
429,5,2025-03-26,Push,67,1
430,5,2025-03-27,Pull,65,1
431,5,2025-03-29,Push,43,1
432,5,2025-04-01,Push,75,1
433,5,2025-04-02,Pull,63,1
434,5,2025-04-03,Legs,67,1
435,5,2025-04-04,Push,99,1
436,5,2025-04-06,Legs,62,1
437,5,2025-04-09,Legs,53,1
438,5,2025-04-10,Push,58,1
439,5,2025-04-11,Pull,89,1
440,5,2025-04-12,Legs,40,1
441,5,2025-04-13,Push,66,1
442,5,2025-04-14,Pull,69,1
443,5,2025-04-15,Legs,53,1
444,5,2025-04-16,Push,56,1
445,5,2025-04-17,Pull,81,1
446,5,2025-04-18,Legs,74,1
447,5,2025-04-19,Push,82,1
448,5,2025-04-20,Pull,84,1
449,5,2025-04-21,Legs,66,1
450,5,2025-04-25,Push,49,1
451,5,2025-04-26,Pull,56,1
452,5,2025-04-27,Legs,35,1
453,5,2025-04-28,Push,71,1
454,5,2025-04-30,Legs,80,1
455,5,2025-05-01,Push,79,1
456,5,2025-05-02,Pull,40,1
457,5,2025-05-04,Push,45,1
458,5,2025-05-05,Pull,52,1
459,5,2025-05-08,Pull,57,1
460,5,2025-05-10,Push,58,1
461,5,2025-05-12,Legs,66,1
462,5,2025-05-13,Push,53,1
463,5,2025-05-14,Pull,75,1
464,5,2025-05-19,Push,72,1
465,5,2025-05-21,Legs,73,1
466,5,2025-05-22,Push,46,1
467,5,2025-05-23,Pull,120,1
468,5,2025-05-24,Legs,100,1
469,5,2025-05-25,Push,72,1
470,5,2025-05-26,Pull,88,1
471,5,2025-05-28,Push,69,1
472,5,2025-05-29,Pull,61,1
473,5,2025-06-01,Pull,72,1
474,5,2025-06-02,Legs,52,1
475,5,2025-06-03,Push,60,1
476,5,2025-06-04,Pull,78,1
477,5,2025-06-05,Legs,69,1
478,5,2025-06-06,Push,35,1
479,5,2025-06-09,Push,61,1
480,5,2025-06-10,Pull,58,1
481,5,2025-06-14,Legs,72,1
482,5,2025-06-17,Legs,54,1
483,5,2025-06-18,Push,57,1
484,5,2025-06-20,Legs,78,1
485,5,2025-06-22,Pull,86,1
486,5,2025-06-24,Push,59,1
487,5,2025-06-28,Pull,67,1
488,5,2025-06-29,Legs,77,1
489,6,2025-01-02,Pull,74,1
490,6,2025-01-04,Push,89,1
491,6,2025-01-07,Push,78,1
492,6,2025-01-10,Push,57,1
493,6,2025-01-13,Push,75,1
494,6,2025-01-14,Pull,50,1
495,6,2025-01-16,Push,45,1
496,6,2025-01-17,Pull,64,1
497,6,2025-01-18,Legs,79,1
498,6,2025-01-23,Pull,45,1
499,6,2025-01-24,Legs,62,1
500,6,2025-01-27,Legs,63,1
501,6,2025-01-28,Push,38,1
502,6,2025-02-01,Pull,61,1
503,6,2025-02-04,Pull,90,1
504,6,2025-02-05,Legs,80,1
505,6,2025-02-08,Legs,70,1
506,6,2025-02-09,Push,64,1
507,6,2025-02-10,Pull,58,1
508,6,2025-02-11,Legs,65,1
509,6,2025-02-17,Legs,78,1
510,6,2025-02-18,Push,78,1
511,6,2025-02-20,Legs,82,1
512,6,2025-02-21,Push,52,1
513,6,2025-02-22,Pull,65,1
514,6,2025-02-23,Legs,65,1
515,6,2025-02-24,Push,94,1
516,6,2025-02-25,Pull,90,1
517,6,2025-02-26,Legs,68,1
518,6,2025-02-27,Push,62,1
519,6,2025-02-28,Pull,66,1
520,6,2025-03-02,Push,70,1
521,6,2025-03-03,Pull,38,1
522,6,2025-03-07,Legs,51,1
523,6,2025-03-08,Push,45,1
524,6,2025-03-09,Pull,98,1
525,6,2025-03-10,Legs,79,1
526,6,2025-03-11,Push,72,1
527,6,2025-03-12,Pull,105,1
528,6,2025-03-13,Legs,72,1
529,6,2025-03-14,Push,64,1
530,6,2025-03-16,Legs,81,1
531,6,2025-03-17,Push,65,1
532,6,2025-03-18,Pull,44,1
533,6,2025-03-19,Legs,70,1
534,6,2025-03-21,Pull,53,1
535,6,2025-03-22,Legs,74,1
536,6,2025-03-23,Push,66,1
537,6,2025-03-25,Legs,83,1
538,6,2025-03-27,Pull,111,1
539,6,2025-03-28,Legs,55,1
540,6,2025-03-31,Legs,75,1
541,6,2025-04-01,Push,75,1
542,6,2025-04-02,Pull,43,1
543,6,2025-04-07,Push,87,1
544,6,2025-04-08,Pull,84,1
545,6,2025-04-10,Push,82,1
546,6,2025-04-11,Pull,85,1
547,6,2025-04-12,Legs,56,1
548,6,2025-04-15,Legs,85,1
549,6,2025-04-16,Push,68,1
550,6,2025-04-19,Push,79,1
551,6,2025-04-20,Pull,74,1
552,6,2025-04-21,Legs,35,1
553,6,2025-04-23,Pull,92,1
554,6,2025-04-25,Push,79,1
555,6,2025-04-30,Legs,85,1
556,6,2025-05-01,Push,78,1
557,6,2025-05-03,Legs,52,1
558,6,2025-05-04,Push,75,1
559,6,2025-05-06,Legs,91,1
560,6,2025-05-07,Push,35,1
561,6,2025-05-09,Legs,84,1
562,6,2025-05-10,Push,59,1
563,6,2025-05-11,Pull,74,1
564,6,2025-05-12,Legs,85,1
565,6,2025-05-13,Push,44,1
566,6,2025-05-14,Pull,80,1
567,6,2025-05-15,Legs,70,1
568,6,2025-05-16,Push,58,1
569,6,2025-05-17,Pull,57,1
570,6,2025-05-18,Legs,55,1
571,6,2025-05-22,Push,75,1
572,6,2025-05-23,Pull,90,1
573,6,2025-05-25,Push,54,1
574,6,2025-05-26,Pull,55,1
575,6,2025-05-27,Legs,109,1
576,6,2025-05-29,Pull,68,1
577,6,2025-05-30,Legs,70,1
578,6,2025-06-01,Pull,48,1
579,6,2025-06-02,Legs,62,1
580,6,2025-06-03,Push,78,1
581,6,2025-06-04,Pull,58,1
582,6,2025-06-08,Legs,73,1
583,6,2025-06-09,Push,54,1
584,6,2025-06-11,Legs,93,1
585,6,2025-06-13,Pull,46,1
586,6,2025-06-15,Push,58,1
587,6,2025-06-16,Pull,60,1
588,6,2025-06-17,Legs,83,1
589,6,2025-06-18,Push,65,1
590,6,2025-06-23,Legs,85,1
591,6,2025-06-24,Push,71,1
592,6,2025-06-26,Legs,92,1
593,7,2025-01-01,Chest,70,1
594,7,2025-01-03,Shoulders,43,1
595,7,2025-01-04,Arms,58,1
596,7,2025-01-06,Chest,51,1
597,7,2025-01-07,Back,82,1
598,7,2025-01-09,Arms,67,1
599,7,2025-01-12,Back,44,1
600,7,2025-01-14,Arms,62,1
601,7,2025-01-15,Legs,70,1
602,7,2025-01-16,Chest,76,1
603,7,2025-01-17,Back,73,1
604,7,2025-01-18,Shoulders,67,1
605,7,2025-01-19,Arms,70,1
606,7,2025-01-21,Chest,79,1
607,7,2025-01-22,Back,75,1
608,7,2025-01-23,Shoulders,76,1
609,7,2025-01-25,Legs,41,1
610,7,2025-01-27,Back,67,1
611,7,2025-01-28,Shoulders,85,1
612,7,2025-01-31,Chest,75,1
613,7,2025-02-02,Shoulders,88,1
614,7,2025-02-03,Arms,70,1
615,7,2025-02-05,Chest,54,1
616,7,2025-02-08,Arms,61,1
617,7,2025-02-09,Legs,80,1
618,7,2025-02-10,Chest,72,1
619,7,2025-02-11,Back,85,1
620,7,2025-02-16,Back,88,1
621,7,2025-02-21,Back,90,1
622,7,2025-02-22,Shoulders,62,1
623,7,2025-02-23,Arms,69,1
624,7,2025-02-24,Legs,70,1
625,7,2025-02-25,Chest,65,1
626,7,2025-02-26,Back,106,1
627,7,2025-02-27,Shoulders,69,1
628,7,2025-02-28,Arms,66,1
629,7,2025-03-01,Legs,51,1
630,7,2025-03-02,Chest,95,1
631,7,2025-03-08,Back,61,1
632,7,2025-03-09,Shoulders,89,1
633,7,2025-03-10,Arms,98,1
634,7,2025-03-11,Legs,68,1
635,7,2025-03-12,Chest,75,1
636,7,2025-03-15,Arms,80,1
637,7,2025-03-19,Shoulders,80,1
638,7,2025-03-21,Legs,85,1
639,7,2025-03-22,Chest,72,1
640,7,2025-03-23,Back,75,1
641,7,2025-03-24,Shoulders,72,1
642,7,2025-03-29,Shoulders,85,1
643,7,2025-04-04,Arms,60,1
644,7,2025-04-05,Legs,76,1
645,7,2025-04-08,Shoulders,67,1
646,7,2025-04-10,Legs,62,1
647,7,2025-04-13,Shoulders,65,1
648,7,2025-04-15,Legs,75,1
649,7,2025-04-17,Back,72,1
650,7,2025-04-19,Arms,86,1
651,7,2025-04-20,Legs,72,1
652,7,2025-04-21,Chest,93,1
653,7,2025-04-22,Back,89,1
654,7,2025-04-23,Shoulders,89,1
655,7,2025-04-25,Legs,69,1
656,7,2025-04-27,Back,89,1
657,7,2025-04-28,Shoulders,68,1
658,7,2025-05-02,Back,68,1
659,7,2025-05-04,Arms,89,1
660,7,2025-05-05,Legs,78,1
661,7,2025-05-06,Chest,70,1
662,7,2025-05-08,Shoulders,85,1
663,7,2025-05-09,Arms,87,1
664,7,2025-05-12,Back,86,1
665,7,2025-05-14,Arms,84,1
666,7,2025-05-15,Legs,78,1
667,7,2025-05-21,Chest,58,1
668,7,2025-05-22,Back,83,1
669,7,2025-05-23,Shoulders,78,1
670,7,2025-05-24,Arms,60,1
671,7,2025-05-26,Chest,81,1
672,7,2025-05-28,Shoulders,57,1
673,7,2025-05-29,Arms,43,1
674,7,2025-05-31,Chest,52,1
675,7,2025-06-03,Arms,43,1
676,7,2025-06-04,Legs,77,1
677,7,2025-06-12,Shoulders,72,1
678,7,2025-06-13,Arms,74,1
679,7,2025-06-14,Legs,35,1
680,7,2025-06-16,Back,87,1
681,7,2025-06-17,Shoulders,63,1
682,7,2025-06-18,Arms,69,1
683,7,2025-06-21,Back,51,1
684,7,2025-06-23,Arms,73,1
685,7,2025-06-24,Legs,100,1
686,7,2025-06-25,Chest,68,1
687,7,2025-06-26,Back,58,1
688,7,2025-06-28,Arms,44,1
689,8,2025-01-01,Push,62,1
690,8,2025-01-08,Pull,72,1
691,8,2025-01-11,Pull,84,1
692,8,2025-01-15,Legs,42,1
693,8,2025-01-17,Pull,66,1
694,8,2025-01-18,Legs,45,1
695,8,2025-01-21,Legs,74,1
696,8,2025-01-22,Push,79,1
697,8,2025-01-24,Legs,91,1
698,8,2025-01-25,Push,42,1
699,8,2025-01-26,Pull,64,1
700,8,2025-01-27,Legs,68,1
701,8,2025-01-28,Push,52,1
702,8,2025-01-30,Legs,51,1
703,8,2025-02-01,Pull,88,1
704,8,2025-02-04,Pull,65,1
705,8,2025-02-05,Legs,66,1
706,8,2025-02-08,Legs,53,1
707,8,2025-02-09,Push,70,1
708,8,2025-02-10,Pull,64,1
709,8,2025-02-11,Legs,67,1
710,8,2025-02-13,Pull,55,1
711,8,2025-02-14,Legs,67,1
712,8,2025-02-15,Push,75,1
713,8,2025-02-16,Pull,79,1
714,8,2025-02-18,Push,55,1
715,8,2025-02-21,Push,103,1
716,8,2025-02-22,Pull,65,1
717,8,2025-02-23,Legs,50,1
718,8,2025-02-24,Push,103,1
719,8,2025-02-25,Pull,68,1
720,8,2025-02-26,Legs,67,1
721,8,2025-02-27,Push,67,1
722,8,2025-02-28,Pull,53,1
723,8,2025-03-01,Legs,77,1
724,8,2025-03-02,Push,44,1
725,8,2025-03-03,Pull,52,1
726,8,2025-03-04,Legs,79,1
727,8,2025-03-07,Legs,66,1
728,8,2025-03-08,Push,60,1
729,8,2025-03-09,Pull,71,1
730,8,2025-03-10,Legs,67,1
731,8,2025-03-11,Push,78,1
732,8,2025-03-14,Push,66,1
733,8,2025-03-16,Legs,67,1
734,8,2025-03-17,Push,86,1
735,8,2025-03-19,Legs,55,1
736,8,2025-03-20,Push,85,1
737,8,2025-03-22,Legs,65,1
738,8,2025-03-23,Push,66,1
739,8,2025-03-24,Pull,47,1
740,8,2025-03-25,Legs,48,1
741,8,2025-03-27,Pull,93,1
742,8,2025-03-28,Legs,68,1
743,8,2025-03-29,Push,56,1
744,8,2025-03-30,Pull,80,1
745,8,2025-03-31,Legs,39,1
746,8,2025-04-03,Legs,53,1
747,8,2025-04-04,Push,59,1
748,8,2025-04-05,Pull,87,1
749,8,2025-04-07,Push,102,1
750,8,2025-04-09,Legs,73,1
751,8,2025-04-10,Push,76,1
752,8,2025-04-14,Pull,39,1
753,8,2025-04-17,Pull,75,1
754,8,2025-04-21,Legs,65,1
755,8,2025-04-22,Push,49,1
756,8,2025-04-23,Pull,81,1
757,8,2025-04-24,Legs,77,1
758,8,2025-04-25,Push,77,1
759,8,2025-04-28,Push,74,1
760,8,2025-04-29,Pull,61,1
761,8,2025-04-30,Legs,87,1
762,8,2025-05-01,Push,114,1
763,8,2025-05-02,Pull,67,1
764,8,2025-05-03,Legs,61,1
765,8,2025-05-04,Push,94,1
766,8,2025-05-05,Pull,61,1
767,8,2025-05-09,Legs,74,1
768,8,2025-05-10,Push,102,1
769,8,2025-05-11,Pull,116,1
770,8,2025-05-12,Legs,78,1
771,8,2025-05-13,Push,74,1
772,8,2025-05-14,Pull,71,1
773,8,2025-05-15,Legs,55,1
774,8,2025-05-16,Push,62,1
775,8,2025-05-18,Legs,60,1
776,8,2025-05-20,Pull,80,1
777,8,2025-05-21,Legs,86,1
778,8,2025-05-22,Push,85,1
779,8,2025-05-24,Legs,78,1
780,8,2025-05-25,Push,77,1
781,8,2025-05-26,Pull,66,1
782,8,2025-05-28,Push,62,1
783,8,2025-05-29,Pull,78,1
784,8,2025-05-30,Legs,72,1
785,8,2025-05-31,Push,68,1
786,8,2025-06-01,Pull,57,1
787,8,2025-06-02,Legs,67,1
788,8,2025-06-03,Push,61,1
789,8,2025-06-05,Legs,61,1
790,8,2025-06-07,Pull,105,1
791,8,2025-06-08,Legs,75,1
792,8,2025-06-09,Push,43,1
793,8,2025-06-10,Pull,48,1
794,8,2025-06-11,Legs,63,1
795,8,2025-06-12,Push,70,1
796,8,2025-06-13,Pull,45,1
797,8,2025-06-14,Legs,76,1
798,8,2025-06-17,Legs,67,1
799,8,2025-06-18,Push,39,1
800,8,2025-06-20,Legs,59,1
801,8,2025-06-21,Push,85,1
802,8,2025-06-23,Legs,98,1
803,8,2025-06-24,Push,63,1
804,8,2025-06-25,Pull,61,1
805,8,2025-06-27,Push,89,1
806,8,2025-06-29,Legs,53,1
807,9,2025-01-02,Lower,57,1
808,9,2025-01-03,Upper,57,1
809,9,2025-01-04,Lower,48,1
810,9,2025-01-05,Upper,64,1
811,9,2025-01-08,Lower,76,1
812,9,2025-01-10,Lower,72,1
813,9,2025-01-11,Upper,60,1
814,9,2025-01-13,Upper,49,1
815,9,2025-01-15,Upper,73,1
816,9,2025-01-16,Lower,94,1
817,9,2025-01-17,Upper,78,1
818,9,2025-01-18,Lower,54,1
819,9,2025-01-19,Upper,67,1
820,9,2025-01-20,Lower,60,1
821,9,2025-01-22,Lower,63,1
822,9,2025-01-23,Upper,75,1
823,9,2025-01-26,Lower,89,1
824,9,2025-01-27,Upper,69,1
825,9,2025-01-28,Lower,61,1
826,9,2025-01-29,Upper,106,1
827,9,2025-01-30,Lower,50,1
828,9,2025-02-01,Lower,88,1
829,9,2025-02-02,Upper,62,1
830,9,2025-02-03,Lower,63,1
831,9,2025-02-04,Upper,40,1
832,9,2025-02-05,Lower,105,1
833,9,2025-02-06,Upper,77,1
834,9,2025-02-09,Lower,63,1
835,9,2025-02-10,Upper,100,1
836,9,2025-02-11,Lower,72,1
837,9,2025-02-14,Upper,60,1
838,9,2025-02-17,Lower,84,1
839,9,2025-02-18,Upper,63,1
840,9,2025-02-19,Lower,93,1
841,9,2025-02-25,Lower,65,1
842,9,2025-02-26,Upper,49,1
843,9,2025-02-27,Lower,68,1
844,9,2025-02-28,Upper,52,1
845,9,2025-03-03,Lower,55,1
846,9,2025-03-06,Upper,70,1
847,9,2025-03-07,Lower,48,1
848,9,2025-03-08,Upper,50,1
849,9,2025-03-09,Lower,74,1
850,9,2025-03-10,Upper,56,1
851,9,2025-03-11,Lower,78,1
852,9,2025-03-13,Lower,95,1
853,9,2025-03-14,Upper,75,1
854,9,2025-03-15,Lower,76,1
855,9,2025-03-16,Upper,87,1
856,9,2025-03-17,Lower,83,1
857,9,2025-03-18,Upper,83,1
858,9,2025-03-19,Lower,66,1
859,9,2025-03-20,Upper,53,1
860,9,2025-03-21,Lower,95,1
861,9,2025-03-25,Lower,47,1
862,9,2025-03-27,Lower,78,1
863,9,2025-03-28,Upper,59,1
864,9,2025-04-03,Upper,80,1
865,9,2025-04-05,Upper,75,1
866,9,2025-04-06,Lower,101,1
867,9,2025-04-08,Lower,102,1
868,9,2025-04-10,Lower,91,1
869,9,2025-04-12,Lower,73,1
870,9,2025-04-13,Upper,49,1
871,9,2025-04-14,Lower,43,1
872,9,2025-04-15,Upper,66,1
873,9,2025-04-16,Lower,68,1
874,9,2025-04-18,Lower,63,1
875,9,2025-04-19,Upper,89,1
876,9,2025-04-20,Lower,59,1
877,9,2025-04-23,Upper,72,1
878,9,2025-04-25,Upper,67,1
879,9,2025-04-26,Lower,85,1
880,9,2025-04-28,Lower,67,1
881,9,2025-04-29,Upper,73,1
882,9,2025-05-03,Upper,96,1
883,9,2025-05-05,Upper,68,1
884,9,2025-05-06,Lower,61,1
885,9,2025-05-07,Upper,107,1
886,9,2025-05-09,Upper,83,1
887,9,2025-05-10,Lower,60,1
888,9,2025-05-11,Upper,82,1
889,9,2025-05-12,Lower,73,1
890,9,2025-05-13,Upper,56,1
891,9,2025-05-14,Lower,94,1
892,9,2025-05-15,Upper,70,1
893,9,2025-05-17,Upper,106,1
894,9,2025-05-18,Lower,74,1
895,9,2025-05-19,Upper,92,1
896,9,2025-05-20,Lower,58,1
897,9,2025-05-21,Upper,83,1
898,9,2025-05-24,Lower,62,1
899,9,2025-05-25,Upper,75,1
900,9,2025-05-28,Lower,66,1
901,9,2025-05-31,Upper,96,1
902,9,2025-06-01,Lower,83,1
903,9,2025-06-05,Lower,71,1
904,9,2025-06-08,Upper,83,1
905,9,2025-06-12,Upper,64,1
906,9,2025-06-13,Lower,57,1
907,9,2025-06-14,Upper,82,1
908,9,2025-06-16,Upper,63,1
909,9,2025-06-17,Lower,81,1
910,9,2025-06-18,Upper,82,1
911,9,2025-06-19,Lower,53,1
912,9,2025-06-20,Upper,83,1
913,9,2025-06-22,Upper,75,1
914,9,2025-06-24,Upper,97,1
915,9,2025-06-25,Lower,66,1
916,9,2025-06-26,Upper,59,1
917,9,2025-06-27,Lower,77,1
918,10,2025-01-01,Push,97,1
919,10,2025-01-03,Legs,81,1
920,10,2025-01-05,Pull,72,1
921,10,2025-01-07,Push,83,1
922,10,2025-01-09,Legs,75,1
923,10,2025-01-10,Push,98,1
924,10,2025-01-14,Pull,87,1
925,10,2025-01-16,Push,73,1
926,10,2025-01-19,Push,84,1
927,10,2025-01-23,Pull,48,1
928,10,2025-01-25,Push,94,1
929,10,2025-01-26,Pull,81,1
930,10,2025-01-30,Legs,75,1
931,10,2025-01-31,Push,36,1
932,10,2025-02-02,Legs,76,1
933,10,2025-02-06,Push,95,1
934,10,2025-02-07,Pull,78,1
935,10,2025-02-10,Pull,51,1
936,10,2025-02-11,Legs,35,1
937,10,2025-02-12,Push,59,1
938,10,2025-02-14,Legs,72,1
939,10,2025-02-15,Push,57,1
940,10,2025-02-16,Pull,63,1
941,10,2025-02-19,Pull,78,1
942,10,2025-02-20,Legs,98,1
943,10,2025-02-21,Push,42,1
944,10,2025-02-22,Pull,74,1
945,10,2025-02-26,Legs,54,1
946,10,2025-02-28,Pull,65,1
947,10,2025-03-01,Legs,99,1
948,10,2025-03-02,Push,60,1
949,10,2025-03-04,Legs,35,1
950,10,2025-03-05,Push,70,1
951,10,2025-03-06,Pull,61,1
952,10,2025-03-07,Legs,53,1
953,10,2025-03-09,Pull,48,1
954,10,2025-03-10,Legs,67,1
955,10,2025-03-16,Legs,80,1
956,10,2025-03-24,Pull,80,1
957,10,2025-03-26,Push,120,1
958,10,2025-03-27,Pull,65,1
959,10,2025-03-28,Legs,79,1
960,10,2025-03-30,Pull,69,1
961,10,2025-03-31,Legs,56,1
962,10,2025-04-02,Pull,70,1
963,10,2025-04-09,Legs,72,1
964,10,2025-04-11,Pull,65,1
965,10,2025-04-13,Push,86,1
966,10,2025-04-14,Pull,54,1
967,10,2025-04-15,Legs,71,1
968,10,2025-04-17,Pull,84,1
969,10,2025-04-18,Legs,77,1
970,10,2025-04-21,Legs,52,1
971,10,2025-04-22,Push,93,1
972,10,2025-04-24,Legs,57,1
973,10,2025-04-25,Push,66,1
974,10,2025-04-26,Pull,63,1
975,10,2025-04-27,Legs,101,1
976,10,2025-04-30,Legs,69,1
977,10,2025-05-01,Push,36,1
978,10,2025-05-08,Pull,88,1
979,10,2025-05-19,Push,78,1
980,10,2025-05-21,Legs,74,1
981,10,2025-05-24,Legs,77,1
982,10,2025-05-26,Pull,62,1
983,10,2025-05-29,Pull,67,1
984,10,2025-05-31,Push,100,1
985,10,2025-06-03,Push,60,1
986,10,2025-06-05,Legs,62,1
987,10,2025-06-12,Push,75,1
988,10,2025-06-16,Pull,73,1
989,10,2025-06-17,Legs,69,1
990,10,2025-06-18,Push,87,1
991,10,2025-06-19,Pull,48,1
992,10,2025-06-20,Legs,91,1
993,10,2025-06-23,Legs,81,1
994,10,2025-06-25,Pull,58,1
995,10,2025-06-26,Legs,77,1
996,10,2025-06-28,Pull,100,1
997,10,2025-06-29,Legs,63,1
998,11,2025-01-02,Lower,77,1
999,11,2025-01-03,Upper,41,1
1000,11,2025-01-04,Lower,61,1
1001,11,2025-01-05,Upper,71,1
1002,11,2025-01-06,Lower,54,1
1003,11,2025-01-07,Upper,74,1
1004,11,2025-01-08,Lower,60,1
1005,11,2025-01-09,Upper,85,1
1006,11,2025-01-10,Lower,82,1
1007,11,2025-01-13,Upper,75,1
1008,11,2025-01-15,Upper,39,1
1009,11,2025-01-17,Upper,53,1
1010,11,2025-01-18,Lower,54,1
1011,11,2025-01-19,Upper,54,1
1012,11,2025-01-20,Lower,69,1
1013,11,2025-01-21,Upper,86,1
1014,11,2025-01-23,Upper,51,1
1015,11,2025-01-24,Lower,65,1
1016,11,2025-01-25,Upper,61,1
1017,11,2025-01-27,Upper,87,1
1018,11,2025-01-29,Upper,50,1
1019,11,2025-01-30,Lower,88,1
1020,11,2025-01-31,Upper,44,1
1021,11,2025-02-02,Upper,101,1
1022,11,2025-02-03,Lower,73,1
1023,11,2025-02-04,Upper,82,1
1024,11,2025-02-05,Lower,55,1
1025,11,2025-02-06,Upper,73,1
1026,11,2025-02-07,Lower,81,1
1027,11,2025-02-08,Upper,69,1
1028,11,2025-02-09,Lower,63,1
1029,11,2025-02-10,Upper,48,1
1030,11,2025-02-11,Lower,66,1
1031,11,2025-02-13,Lower,75,1
1032,11,2025-02-15,Lower,89,1
1033,11,2025-02-16,Upper,51,1
1034,11,2025-02-17,Lower,79,1
1035,11,2025-02-19,Lower,38,1
1036,11,2025-02-21,Lower,101,1
1037,11,2025-02-23,Lower,57,1
1038,11,2025-02-25,Lower,64,1
1039,11,2025-02-26,Upper,55,1
1040,11,2025-03-01,Lower,77,1
1041,11,2025-03-02,Upper,55,1
1042,11,2025-03-03,Lower,68,1
1043,11,2025-03-04,Upper,86,1
1044,11,2025-03-07,Lower,40,1
1045,11,2025-03-08,Upper,77,1
1046,11,2025-03-10,Upper,69,1
1047,11,2025-03-11,Lower,56,1
1048,11,2025-03-13,Lower,84,1
1049,11,2025-03-15,Lower,75,1
1050,11,2025-03-16,Upper,66,1
1051,11,2025-03-17,Lower,81,1
1052,11,2025-03-18,Upper,60,1
1053,11,2025-03-20,Upper,61,1
1054,11,2025-03-21,Lower,72,1
1055,11,2025-03-22,Upper,83,1
1056,11,2025-03-23,Lower,70,1
1057,11,2025-03-25,Lower,74,1
1058,11,2025-03-27,Lower,82,1
1059,11,2025-03-28,Upper,63,1
1060,11,2025-03-29,Lower,76,1
1061,11,2025-04-03,Upper,75,1
1062,11,2025-04-06,Lower,62,1
1063,11,2025-04-07,Upper,87,1
1064,11,2025-04-09,Upper,58,1
1065,11,2025-04-10,Lower,37,1
1066,11,2025-04-12,Lower,71,1
1067,11,2025-04-13,Upper,53,1
1068,11,2025-04-16,Lower,95,1
1069,11,2025-04-18,Lower,82,1
1070,11,2025-04-19,Upper,96,1
1071,11,2025-04-21,Upper,81,1
1072,11,2025-04-22,Lower,71,1
1073,11,2025-04-23,Upper,78,1
1074,11,2025-04-26,Lower,54,1
1075,11,2025-04-27,Upper,45,1
1076,11,2025-04-28,Lower,86,1
1077,11,2025-04-29,Upper,55,1
1078,11,2025-05-01,Upper,53,1
1079,11,2025-05-02,Lower,80,1
1080,11,2025-05-03,Upper,73,1
1081,11,2025-05-04,Lower,95,1
1082,11,2025-05-07,Upper,50,1
1083,11,2025-05-08,Lower,56,1
1084,11,2025-05-11,Upper,63,1
1085,11,2025-05-12,Lower,60,1
1086,11,2025-05-13,Upper,59,1
1087,11,2025-05-14,Lower,66,1
1088,11,2025-05-15,Upper,79,1
1089,11,2025-05-19,Upper,64,1
1090,11,2025-05-21,Upper,95,1
1091,11,2025-05-22,Lower,64,1
1092,11,2025-05-23,Upper,54,1
1093,11,2025-05-24,Lower,63,1
1094,11,2025-05-25,Upper,77,1
1095,11,2025-05-26,Lower,69,1
1096,11,2025-05-29,Upper,64,1
1097,11,2025-06-01,Lower,87,1
1098,11,2025-06-03,Lower,52,1
1099,11,2025-06-04,Upper,65,1
1100,11,2025-06-05,Lower,83,1
1101,11,2025-06-06,Upper,68,1
1102,11,2025-06-07,Lower,61,1
1103,11,2025-06-08,Upper,55,1
1104,11,2025-06-10,Upper,35,1
1105,11,2025-06-11,Lower,88,1
1106,11,2025-06-12,Upper,72,1
1107,11,2025-06-14,Upper,69,1
1108,11,2025-06-15,Lower,74,1
1109,11,2025-06-17,Lower,85,1
1110,11,2025-06-18,Upper,49,1
1111,11,2025-06-19,Lower,67,1
1112,11,2025-06-21,Lower,58,1
1113,11,2025-06-22,Upper,36,1
1114,11,2025-06-23,Lower,81,1
1115,11,2025-06-24,Upper,57,1
1116,11,2025-06-26,Upper,77,1
1117,11,2025-06-27,Lower,69,1
1118,11,2025-06-29,Lower,71,1
1119,12,2025-01-01,Upper,83,1
1120,12,2025-01-03,Upper,66,1
1121,12,2025-01-04,Lower,72,1
1122,12,2025-01-05,Upper,49,1
1123,12,2025-01-06,Lower,66,1
1124,12,2025-01-07,Upper,77,1
1125,12,2025-01-08,Lower,64,1
1126,12,2025-01-09,Upper,70,1
1127,12,2025-01-10,Lower,65,1
1128,12,2025-01-11,Upper,85,1
1129,12,2025-01-12,Lower,64,1
1130,12,2025-01-13,Upper,65,1
1131,12,2025-01-14,Lower,51,1
1132,12,2025-01-15,Upper,52,1
1133,12,2025-01-16,Lower,65,1
1134,12,2025-01-17,Upper,70,1
1135,12,2025-01-18,Lower,45,1
1136,12,2025-01-19,Upper,81,1
1137,12,2025-01-21,Upper,68,1
1138,12,2025-01-22,Lower,51,1
1139,12,2025-01-23,Upper,92,1
1140,12,2025-01-24,Lower,46,1
1141,12,2025-01-25,Upper,83,1
1142,12,2025-01-27,Upper,77,1
1143,12,2025-01-28,Lower,81,1
1144,12,2025-01-29,Upper,61,1
1145,12,2025-01-30,Lower,78,1
1146,12,2025-01-31,Upper,49,1
1147,12,2025-02-01,Lower,75,1
1148,12,2025-02-03,Lower,72,1
1149,12,2025-02-04,Upper,56,1
1150,12,2025-02-05,Lower,71,1
1151,12,2025-02-06,Upper,81,1
1152,12,2025-02-09,Lower,64,1
1153,12,2025-02-10,Upper,38,1
1154,12,2025-02-13,Lower,50,1
1155,12,2025-02-14,Upper,44,1
1156,12,2025-02-15,Lower,46,1
1157,12,2025-02-16,Upper,36,1
1158,12,2025-02-17,Lower,76,1
1159,12,2025-02-18,Upper,39,1
1160,12,2025-02-19,Lower,71,1
1161,12,2025-02-20,Upper,69,1
1162,12,2025-02-21,Lower,73,1
1163,12,2025-02-22,Upper,66,1
1164,12,2025-02-23,Lower,71,1
1165,12,2025-02-24,Upper,61,1
1166,12,2025-02-25,Lower,90,1
1167,12,2025-02-26,Upper,70,1
1168,12,2025-02-27,Lower,52,1
1169,12,2025-02-28,Upper,80,1
1170,12,2025-03-01,Lower,100,1
1171,12,2025-03-02,Upper,76,1
1172,12,2025-03-04,Upper,83,1
1173,12,2025-03-05,Lower,54,1
1174,12,2025-03-06,Upper,47,1
1175,12,2025-03-07,Lower,83,1
1176,12,2025-03-08,Upper,70,1
1177,12,2025-03-10,Upper,80,1
1178,12,2025-03-11,Lower,93,1
1179,12,2025-03-13,Lower,48,1
1180,12,2025-03-14,Upper,81,1
1181,12,2025-03-15,Lower,58,1
1182,12,2025-03-16,Upper,67,1
1183,12,2025-03-17,Lower,75,1
1184,12,2025-03-22,Upper,61,1
1185,12,2025-03-23,Lower,55,1
1186,12,2025-03-24,Upper,77,1
1187,12,2025-03-25,Lower,69,1
1188,12,2025-03-26,Upper,73,1
1189,12,2025-03-27,Lower,72,1
1190,12,2025-03-28,Upper,59,1
1191,12,2025-03-29,Lower,69,1
1192,12,2025-03-30,Upper,81,1
1193,12,2025-03-31,Lower,91,1
1194,12,2025-04-01,Upper,77,1
1195,12,2025-04-02,Lower,75,1
1196,12,2025-04-03,Upper,86,1
1197,12,2025-04-04,Lower,77,1
1198,12,2025-04-07,Upper,89,1
1199,12,2025-04-08,Lower,52,1
1200,12,2025-04-09,Upper,68,1
1201,12,2025-04-10,Lower,65,1
1202,12,2025-04-11,Upper,66,1
1203,12,2025-04-12,Lower,76,1
1204,12,2025-04-13,Upper,60,1
1205,12,2025-04-14,Lower,51,1
1206,12,2025-04-15,Upper,64,1
1207,12,2025-04-16,Lower,77,1
1208,12,2025-04-17,Upper,73,1
1209,12,2025-04-18,Lower,51,1
1210,12,2025-04-19,Upper,68,1
1211,12,2025-04-20,Lower,68,1
1212,12,2025-04-21,Upper,64,1
1213,12,2025-04-22,Lower,35,1
1214,12,2025-04-23,Upper,100,1
1215,12,2025-04-24,Lower,42,1
1216,12,2025-04-25,Upper,55,1
1217,12,2025-04-27,Upper,89,1
1218,12,2025-04-28,Lower,82,1
1219,12,2025-04-29,Upper,77,1
1220,12,2025-04-30,Lower,54,1
1221,12,2025-05-01,Upper,74,1
1222,12,2025-05-02,Lower,76,1
1223,12,2025-05-03,Upper,60,1
1224,12,2025-05-04,Lower,85,1
1225,12,2025-05-05,Upper,43,1
1226,12,2025-05-06,Lower,58,1
1227,12,2025-05-08,Lower,87,1
1228,12,2025-05-09,Upper,106,1
1229,12,2025-05-10,Lower,53,1
1230,12,2025-05-11,Upper,54,1
1231,12,2025-05-12,Lower,43,1
1232,12,2025-05-13,Upper,52,1
1233,12,2025-05-14,Lower,73,1
1234,12,2025-05-15,Upper,52,1
1235,12,2025-05-16,Lower,61,1
1236,12,2025-05-17,Upper,108,1
1237,12,2025-05-18,Lower,62,1
1238,12,2025-05-19,Upper,43,1
1239,12,2025-05-20,Lower,78,1
1240,12,2025-05-21,Upper,63,1
1241,12,2025-05-22,Lower,77,1
1242,12,2025-05-23,Upper,69,1
1243,12,2025-05-24,Lower,55,1
1244,12,2025-05-27,Upper,57,1
1245,12,2025-05-29,Upper,55,1
1246,12,2025-05-31,Upper,81,1
1247,12,2025-06-01,Lower,62,1
1248,12,2025-06-02,Upper,49,1
1249,12,2025-06-03,Lower,66,1
1250,12,2025-06-04,Upper,75,1
1251,12,2025-06-05,Lower,64,1
1252,12,2025-06-06,Upper,50,1
1253,12,2025-06-07,Lower,66,1
1254,12,2025-06-08,Upper,73,1
1255,12,2025-06-09,Lower,61,1
1256,12,2025-06-10,Upper,55,1
1257,12,2025-06-11,Lower,76,1
1258,12,2025-06-12,Upper,61,1
1259,12,2025-06-14,Upper,66,1
1260,12,2025-06-15,Lower,80,1
1261,12,2025-06-16,Upper,45,1
1262,12,2025-06-17,Lower,50,1
1263,12,2025-06-18,Upper,82,1
1264,12,2025-06-20,Upper,43,1
1265,12,2025-06-21,Lower,98,1
1266,12,2025-06-22,Upper,52,1
1267,12,2025-06-23,Lower,59,1
1268,12,2025-06-24,Upper,66,1
1269,12,2025-06-25,Lower,73,1
1270,12,2025-06-27,Lower,74,1
1271,12,2025-06-28,Upper,74,1
1272,13,2025-01-01,Push,75,1
1273,13,2025-01-03,Legs,65,1
1274,13,2025-01-04,Push,76,1
1275,13,2025-01-07,Push,102,1
1276,13,2025-01-09,Legs,60,1
1277,13,2025-01-10,Push,63,1
1278,13,2025-01-11,Pull,87,1
1279,13,2025-01-12,Legs,62,1
1280,13,2025-01-14,Pull,69,1
1281,13,2025-01-15,Legs,91,1
1282,13,2025-01-16,Push,62,1
1283,13,2025-01-18,Legs,55,1
1284,13,2025-01-19,Push,56,1
1285,13,2025-01-20,Pull,77,1
1286,13,2025-01-21,Legs,78,1
1287,13,2025-01-24,Legs,73,1
1288,13,2025-01-25,Push,63,1
1289,13,2025-01-26,Pull,57,1
1290,13,2025-01-28,Push,76,1
1291,13,2025-01-29,Pull,72,1
1292,13,2025-01-30,Legs,73,1
1293,13,2025-01-31,Push,57,1
1294,13,2025-02-01,Pull,65,1
1295,13,2025-02-03,Push,67,1
1296,13,2025-02-05,Legs,92,1
1297,13,2025-02-11,Legs,36,1
1298,13,2025-02-13,Pull,51,1
1299,13,2025-02-14,Legs,75,1
1300,13,2025-02-17,Legs,62,1
1301,13,2025-02-18,Push,71,1
1302,13,2025-02-20,Legs,83,1
1303,13,2025-02-21,Push,86,1
1304,13,2025-02-22,Pull,66,1
1305,13,2025-02-23,Legs,54,1
1306,13,2025-02-24,Push,50,1
1307,13,2025-02-26,Legs,65,1
1308,13,2025-02-28,Pull,39,1
1309,13,2025-03-02,Push,85,1
1310,13,2025-03-03,Pull,74,1
1311,13,2025-03-04,Legs,60,1
1312,13,2025-03-05,Push,57,1
1313,13,2025-03-06,Pull,75,1
1314,13,2025-03-07,Legs,66,1
1315,13,2025-03-08,Push,50,1
1316,13,2025-03-10,Legs,68,1
1317,13,2025-03-13,Legs,44,1
1318,13,2025-03-14,Push,54,1
1319,13,2025-03-15,Pull,51,1
1320,13,2025-03-16,Legs,45,1
1321,13,2025-03-17,Push,61,1
1322,13,2025-03-19,Legs,75,1
1323,13,2025-03-22,Legs,85,1
1324,13,2025-03-23,Push,72,1
1325,13,2025-03-24,Pull,78,1
1326,13,2025-03-27,Pull,74,1
1327,13,2025-03-28,Legs,80,1
1328,13,2025-03-29,Push,114,1
1329,13,2025-03-30,Pull,59,1
1330,13,2025-04-01,Push,70,1
1331,13,2025-04-02,Pull,87,1
1332,13,2025-04-03,Legs,55,1
1333,13,2025-04-04,Push,58,1
1334,13,2025-04-05,Pull,78,1
1335,13,2025-04-06,Legs,56,1
1336,13,2025-04-07,Push,70,1
1337,13,2025-04-08,Pull,91,1
1338,13,2025-04-09,Legs,79,1
1339,13,2025-04-12,Legs,74,1
1340,13,2025-04-13,Push,57,1
1341,13,2025-04-18,Legs,57,1
1342,13,2025-04-19,Push,59,1
1343,13,2025-04-20,Pull,57,1
1344,13,2025-04-21,Legs,76,1
1345,13,2025-04-22,Push,64,1
1346,13,2025-04-23,Pull,72,1
1347,13,2025-04-24,Legs,55,1
1348,13,2025-04-26,Pull,91,1
1349,13,2025-04-28,Push,55,1
1350,13,2025-04-29,Pull,60,1
1351,13,2025-04-30,Legs,87,1
1352,13,2025-05-02,Pull,80,1
1353,13,2025-05-03,Legs,82,1
1354,13,2025-05-07,Push,63,1
1355,13,2025-05-08,Pull,85,1
1356,13,2025-05-09,Legs,55,1
1357,13,2025-05-11,Pull,82,1
1358,13,2025-05-17,Pull,100,1
1359,13,2025-05-18,Legs,53,1
1360,13,2025-05-19,Push,71,1
1361,13,2025-05-21,Legs,61,1
1362,13,2025-05-23,Pull,82,1
1363,13,2025-05-24,Legs,62,1
1364,13,2025-05-27,Legs,75,1
1365,13,2025-05-29,Pull,64,1
1366,13,2025-06-01,Pull,52,1
1367,13,2025-06-02,Legs,85,1
1368,13,2025-06-03,Push,66,1
1369,13,2025-06-04,Pull,76,1
1370,13,2025-06-05,Legs,61,1
1371,13,2025-06-08,Legs,64,1
1372,13,2025-06-09,Push,61,1
1373,13,2025-06-10,Pull,63,1
1374,13,2025-06-11,Legs,88,1
1375,13,2025-06-13,Pull,86,1
1376,13,2025-06-14,Legs,60,1
1377,13,2025-06-16,Pull,114,1
1378,13,2025-06-17,Legs,88,1
1379,13,2025-06-19,Pull,62,1
1380,13,2025-06-20,Legs,62,1
1381,13,2025-06-21,Push,88,1
1382,13,2025-06-23,Legs,77,1
1383,13,2025-06-24,Push,62,1
1384,13,2025-06-25,Pull,58,1
1385,13,2025-06-29,Legs,59,1
1386,14,2025-01-06,Legs,73,1
1387,14,2025-01-07,Push,55,1
1388,14,2025-01-08,Pull,54,1
1389,14,2025-01-10,Push,37,1
1390,14,2025-01-12,Legs,51,1
1391,14,2025-01-14,Pull,57,1
1392,14,2025-01-16,Push,70,1
1393,14,2025-01-17,Pull,45,1
1394,14,2025-01-20,Pull,78,1
1395,14,2025-01-22,Push,58,1
1396,14,2025-01-23,Pull,75,1
1397,14,2025-01-26,Pull,55,1
1398,14,2025-01-27,Legs,70,1
1399,14,2025-01-28,Push,52,1
1400,14,2025-01-29,Pull,76,1
1401,14,2025-02-05,Legs,49,1
1402,14,2025-02-07,Pull,64,1
1403,14,2025-02-11,Legs,50,1
1404,14,2025-02-12,Push,49,1
1405,14,2025-02-17,Legs,82,1
1406,14,2025-02-18,Push,80,1
1407,14,2025-02-19,Pull,87,1
1408,14,2025-02-21,Push,69,1
1409,14,2025-02-23,Legs,57,1
1410,14,2025-02-26,Legs,79,1
1411,14,2025-02-27,Push,73,1
1412,14,2025-03-02,Push,59,1
1413,14,2025-03-03,Pull,61,1
1414,14,2025-03-04,Legs,71,1
1415,14,2025-03-05,Push,70,1
1416,14,2025-03-06,Pull,72,1
1417,14,2025-03-08,Push,92,1
1418,14,2025-03-09,Pull,46,1
1419,14,2025-03-10,Legs,56,1
1420,14,2025-03-11,Push,77,1
1421,14,2025-03-12,Pull,88,1
1422,14,2025-03-15,Pull,70,1
1423,14,2025-03-16,Legs,42,1
1424,14,2025-03-17,Push,60,1
1425,14,2025-03-18,Pull,64,1
1426,14,2025-03-21,Pull,53,1
1427,14,2025-03-22,Legs,47,1
1428,14,2025-03-24,Pull,66,1
1429,14,2025-03-25,Legs,62,1
1430,14,2025-03-26,Push,67,1
1431,14,2025-03-27,Pull,35,1
1432,14,2025-03-28,Legs,72,1
1433,14,2025-03-30,Pull,49,1
1434,14,2025-03-31,Legs,67,1
1435,14,2025-04-01,Push,76,1
1436,14,2025-04-03,Legs,64,1
1437,14,2025-04-04,Push,97,1
1438,14,2025-04-06,Legs,57,1
1439,14,2025-04-07,Push,87,1
1440,14,2025-04-08,Pull,93,1
1441,14,2025-04-11,Pull,73,1
1442,14,2025-04-13,Push,35,1
1443,14,2025-04-14,Pull,85,1
1444,14,2025-04-15,Legs,73,1
1445,14,2025-04-16,Push,73,1
1446,14,2025-04-17,Pull,50,1
1447,14,2025-04-23,Pull,76,1
1448,14,2025-04-26,Pull,57,1
1449,14,2025-04-28,Push,76,1
1450,14,2025-04-29,Pull,63,1
1451,14,2025-04-30,Legs,92,1
1452,14,2025-05-01,Push,63,1
1453,14,2025-05-02,Pull,73,1
1454,14,2025-05-03,Legs,101,1
1455,14,2025-05-04,Push,83,1
1456,14,2025-05-05,Pull,102,1
1457,14,2025-05-06,Legs,80,1
1458,14,2025-05-08,Pull,61,1
1459,14,2025-05-09,Legs,86,1
1460,14,2025-05-10,Push,80,1
1461,14,2025-05-13,Push,69,1
1462,14,2025-05-15,Legs,79,1
1463,14,2025-05-16,Push,69,1
1464,14,2025-05-17,Pull,61,1
1465,14,2025-05-19,Push,85,1
1466,14,2025-05-22,Push,62,1
1467,14,2025-05-26,Pull,81,1
1468,14,2025-05-27,Legs,61,1
1469,14,2025-05-28,Push,98,1
1470,14,2025-05-29,Pull,61,1
1471,14,2025-05-31,Push,99,1
1472,14,2025-06-04,Pull,84,1
1473,14,2025-06-05,Legs,62,1
1474,14,2025-06-09,Push,73,1
1475,14,2025-06-10,Pull,68,1
1476,14,2025-06-11,Legs,67,1
1477,14,2025-06-12,Push,106,1
1478,14,2025-06-14,Legs,79,1
1479,14,2025-06-17,Legs,90,1
1480,14,2025-06-18,Push,88,1
1481,14,2025-06-19,Pull,35,1
1482,14,2025-06-21,Push,95,1
1483,14,2025-06-22,Pull,74,1
1484,14,2025-06-25,Pull,35,1
1485,14,2025-06-28,Pull,61,1
1486,14,2025-06-29,Legs,84,1
1487,15,2025-01-01,Upper,85,1
1488,15,2025-01-08,Lower,70,1
1489,15,2025-01-12,Lower,51,1
1490,15,2025-01-13,Upper,67,1
1491,15,2025-01-15,Upper,99,1
1492,15,2025-01-17,Upper,71,1
1493,15,2025-01-18,Lower,86,1
1494,15,2025-01-21,Upper,45,1
1495,15,2025-01-22,Lower,78,1
1496,15,2025-01-23,Upper,52,1
1497,15,2025-01-27,Upper,71,1
1498,15,2025-02-03,Lower,83,1
1499,15,2025-02-05,Lower,76,1
1500,15,2025-02-06,Upper,43,1
1501,15,2025-02-08,Upper,69,1
1502,15,2025-02-10,Upper,78,1
1503,15,2025-02-11,Lower,52,1
1504,15,2025-02-13,Lower,70,1
1505,15,2025-02-14,Upper,69,1
1506,15,2025-02-15,Lower,64,1
1507,15,2025-02-16,Upper,64,1
1508,15,2025-02-19,Lower,53,1
1509,15,2025-02-26,Upper,78,1
1510,15,2025-03-01,Lower,82,1
1511,15,2025-03-04,Upper,69,1
1512,15,2025-03-06,Upper,87,1
1513,15,2025-03-08,Upper,74,1
1514,15,2025-03-12,Upper,50,1
1515,15,2025-03-13,Lower,80,1
1516,15,2025-03-14,Upper,61,1
1517,15,2025-03-15,Lower,67,1
1518,15,2025-03-17,Lower,91,1
1519,15,2025-03-18,Upper,63,1
1520,15,2025-03-19,Lower,50,1
1521,15,2025-03-20,Upper,98,1
1522,15,2025-03-21,Lower,59,1
1523,15,2025-03-23,Lower,81,1
1524,15,2025-03-24,Upper,76,1
1525,15,2025-03-25,Lower,42,1
1526,15,2025-03-31,Lower,45,1
1527,15,2025-04-02,Lower,59,1
1528,15,2025-04-03,Upper,75,1
1529,15,2025-04-04,Lower,56,1
1530,15,2025-04-06,Lower,52,1
1531,15,2025-04-07,Upper,87,1
1532,15,2025-04-08,Lower,50,1
1533,15,2025-04-10,Lower,81,1
1534,15,2025-04-20,Lower,55,1
1535,15,2025-04-22,Lower,76,1
1536,15,2025-04-24,Lower,41,1
1537,15,2025-05-04,Lower,80,1
1538,15,2025-05-07,Upper,64,1
1539,15,2025-05-09,Upper,59,1
1540,15,2025-05-11,Upper,65,1
1541,15,2025-05-12,Lower,66,1
1542,15,2025-05-15,Upper,90,1
1543,15,2025-05-17,Upper,79,1
1544,15,2025-05-19,Upper,83,1
1545,15,2025-05-24,Lower,97,1
1546,15,2025-05-26,Lower,62,1
1547,15,2025-05-28,Lower,68,1
1548,15,2025-05-29,Upper,58,1
1549,15,2025-05-30,Lower,82,1
1550,15,2025-06-01,Lower,47,1
1551,15,2025-06-02,Upper,87,1
1552,15,2025-06-05,Lower,57,1
1553,15,2025-06-06,Upper,65,1
1554,15,2025-06-07,Lower,82,1
1555,15,2025-06-10,Upper,69,1
1556,15,2025-06-11,Lower,81,1
1557,15,2025-06-12,Upper,103,1
1558,15,2025-06-14,Upper,64,1
1559,15,2025-06-15,Lower,83,1
1560,15,2025-06-16,Upper,74,1
1561,15,2025-06-19,Lower,92,1
1562,15,2025-06-22,Upper,66,1
1563,15,2025-06-23,Lower,61,1
1564,15,2025-06-27,Lower,81,1
1565,15,2025-06-29,Lower,74,1
1566,16,2025-01-03,Shoulders,97,1
1567,16,2025-01-04,Arms,67,1
1568,16,2025-01-07,Back,81,1
1569,16,2025-01-10,Legs,58,1
1570,16,2025-01-11,Chest,70,1
1571,16,2025-01-14,Arms,54,1
1572,16,2025-01-15,Legs,76,1
1573,16,2025-01-17,Back,60,1
1574,16,2025-01-18,Shoulders,67,1
1575,16,2025-01-19,Arms,86,1
1576,16,2025-01-20,Legs,35,1
1577,16,2025-01-21,Chest,78,1
1578,16,2025-01-25,Legs,81,1
1579,16,2025-01-26,Chest,68,1
1580,16,2025-01-27,Back,55,1
1581,16,2025-01-28,Shoulders,65,1
1582,16,2025-01-31,Chest,73,1
1583,16,2025-02-03,Arms,69,1
1584,16,2025-02-04,Legs,92,1
1585,16,2025-02-06,Back,74,1
1586,16,2025-02-07,Shoulders,86,1
1587,16,2025-02-10,Chest,44,1
1588,16,2025-02-11,Back,70,1
1589,16,2025-02-12,Shoulders,66,1
1590,16,2025-02-17,Shoulders,37,1
1591,16,2025-02-18,Arms,52,1
1592,16,2025-02-19,Legs,58,1
1593,16,2025-02-20,Chest,69,1
1594,16,2025-02-21,Back,70,1
1595,16,2025-02-24,Legs,71,1
1596,16,2025-02-25,Chest,81,1
1597,16,2025-02-26,Back,90,1
1598,16,2025-02-27,Shoulders,36,1
1599,16,2025-03-02,Chest,85,1
1600,16,2025-03-04,Shoulders,85,1
1601,16,2025-03-05,Arms,60,1
1602,16,2025-03-06,Legs,77,1
1603,16,2025-03-07,Chest,88,1
1604,16,2025-03-08,Back,94,1
1605,16,2025-03-09,Shoulders,79,1
1606,16,2025-03-10,Arms,62,1
1607,16,2025-03-12,Chest,56,1
1608,16,2025-03-13,Back,57,1
1609,16,2025-03-16,Legs,72,1
1610,16,2025-03-17,Chest,71,1
1611,16,2025-03-22,Chest,63,1
1612,16,2025-03-24,Shoulders,62,1
1613,16,2025-03-25,Arms,49,1
1614,16,2025-03-26,Legs,79,1
1615,16,2025-03-27,Chest,58,1
1616,16,2025-03-30,Arms,63,1
1617,16,2025-03-31,Legs,53,1
1618,16,2025-04-03,Shoulders,71,1
1619,16,2025-04-05,Legs,64,1
1620,16,2025-04-06,Chest,46,1
1621,16,2025-04-08,Shoulders,80,1
1622,16,2025-04-10,Legs,56,1
1623,16,2025-04-12,Back,53,1
1624,16,2025-04-14,Arms,83,1
1625,16,2025-04-17,Back,46,1
1626,16,2025-04-18,Shoulders,67,1
1627,16,2025-04-19,Arms,71,1
1628,16,2025-04-20,Legs,80,1
1629,16,2025-04-25,Legs,71,1
1630,16,2025-04-26,Chest,61,1
1631,16,2025-04-27,Back,73,1
1632,16,2025-04-28,Shoulders,63,1
1633,16,2025-04-29,Arms,86,1
1634,16,2025-05-01,Chest,45,1
1635,16,2025-05-03,Shoulders,80,1
1636,16,2025-05-04,Arms,60,1
1637,16,2025-05-06,Chest,77,1
1638,16,2025-05-08,Shoulders,84,1
1639,16,2025-05-09,Arms,82,1
1640,16,2025-05-11,Chest,81,1
1641,16,2025-05-12,Back,72,1
1642,16,2025-05-13,Shoulders,76,1
1643,16,2025-05-14,Arms,83,1
1644,16,2025-05-15,Legs,99,1
1645,16,2025-05-17,Back,70,1
1646,16,2025-05-20,Legs,70,1
1647,16,2025-05-23,Shoulders,91,1
1648,16,2025-05-26,Chest,68,1
1649,16,2025-05-27,Back,64,1
1650,16,2025-05-29,Arms,57,1
1651,16,2025-06-01,Back,88,1
1652,16,2025-06-03,Arms,45,1
1653,16,2025-06-04,Legs,57,1
1654,16,2025-06-05,Chest,35,1
1655,16,2025-06-07,Shoulders,61,1
1656,16,2025-06-08,Arms,68,1
1657,16,2025-06-10,Chest,79,1
1658,16,2025-06-11,Back,54,1
1659,16,2025-06-13,Arms,50,1
1660,16,2025-06-17,Shoulders,82,1
1661,16,2025-06-19,Legs,35,1
1662,16,2025-06-20,Chest,81,1
1663,16,2025-06-21,Back,81,1
1664,16,2025-06-24,Legs,89,1
1665,16,2025-06-25,Chest,75,1
1666,16,2025-06-27,Shoulders,76,1
1667,17,2025-01-01,Push,87,1
1668,17,2025-01-02,Pull,35,1
1669,17,2025-01-03,Legs,81,1
1670,17,2025-01-04,Push,74,1
1671,17,2025-01-07,Push,82,1
1672,17,2025-01-08,Pull,64,1
1673,17,2025-01-09,Legs,50,1
1674,17,2025-01-11,Pull,99,1
1675,17,2025-01-12,Legs,98,1
1676,17,2025-01-13,Push,42,1
1677,17,2025-01-15,Legs,73,1
1678,17,2025-01-16,Push,80,1
1679,17,2025-01-18,Legs,64,1
1680,17,2025-01-19,Push,65,1
1681,17,2025-01-21,Legs,66,1
1682,17,2025-01-22,Push,64,1
1683,17,2025-01-24,Legs,45,1
1684,17,2025-01-25,Push,58,1
1685,17,2025-01-27,Legs,52,1
1686,17,2025-01-29,Pull,59,1
1687,17,2025-01-30,Legs,106,1
1688,17,2025-01-31,Push,69,1
1689,17,2025-02-02,Legs,70,1
1690,17,2025-02-03,Push,88,1
1691,17,2025-02-04,Pull,82,1
1692,17,2025-02-05,Legs,64,1
1693,17,2025-02-06,Push,71,1
1694,17,2025-02-07,Pull,45,1
1695,17,2025-02-08,Legs,76,1
1696,17,2025-02-09,Push,54,1
1697,17,2025-02-10,Pull,43,1
1698,17,2025-02-11,Legs,96,1
1699,17,2025-02-12,Push,72,1
1700,17,2025-02-13,Pull,52,1
1701,17,2025-02-14,Legs,50,1
1702,17,2025-02-15,Push,91,1
1703,17,2025-02-16,Pull,81,1
1704,17,2025-02-17,Legs,60,1
1705,17,2025-02-18,Push,79,1
1706,17,2025-02-20,Legs,56,1
1707,17,2025-02-21,Push,50,1
1708,17,2025-02-22,Pull,53,1
1709,17,2025-02-23,Legs,92,1
1710,17,2025-02-24,Push,35,1
1711,17,2025-02-25,Pull,46,1
1712,17,2025-02-26,Legs,91,1
1713,17,2025-02-27,Push,69,1
1714,17,2025-02-28,Pull,67,1
1715,17,2025-03-01,Legs,53,1
1716,17,2025-03-03,Pull,84,1
1717,17,2025-03-04,Legs,76,1
1718,17,2025-03-05,Push,72,1
1719,17,2025-03-06,Pull,47,1
1720,17,2025-03-07,Legs,51,1
1721,17,2025-03-08,Push,90,1
1722,17,2025-03-09,Pull,62,1
1723,17,2025-03-10,Legs,60,1
1724,17,2025-03-12,Pull,65,1
1725,17,2025-03-13,Legs,51,1
1726,17,2025-03-15,Pull,86,1
1727,17,2025-03-16,Legs,83,1
1728,17,2025-03-17,Push,54,1
1729,17,2025-03-18,Pull,68,1
1730,17,2025-03-20,Push,97,1
1731,17,2025-03-21,Pull,103,1
1732,17,2025-03-22,Legs,77,1
1733,17,2025-03-23,Push,62,1
1734,17,2025-03-24,Pull,73,1
1735,17,2025-03-26,Push,63,1
1736,17,2025-03-27,Pull,51,1
1737,17,2025-03-28,Legs,82,1
1738,17,2025-03-29,Push,89,1
1739,17,2025-03-30,Pull,82,1
1740,17,2025-03-31,Legs,75,1
1741,17,2025-04-01,Push,82,1
1742,17,2025-04-03,Legs,71,1
1743,17,2025-04-04,Push,72,1
1744,17,2025-04-05,Pull,61,1
1745,17,2025-04-06,Legs,71,1
1746,17,2025-04-07,Push,94,1
1747,17,2025-04-08,Pull,75,1
1748,17,2025-04-09,Legs,89,1
1749,17,2025-04-10,Push,51,1
1750,17,2025-04-11,Pull,67,1
1751,17,2025-04-13,Push,72,1
1752,17,2025-04-14,Pull,60,1
1753,17,2025-04-15,Legs,71,1
1754,17,2025-04-16,Push,91,1
1755,17,2025-04-17,Pull,56,1
1756,17,2025-04-18,Legs,83,1
1757,17,2025-04-19,Push,60,1
1758,17,2025-04-20,Pull,53,1
1759,17,2025-04-22,Push,73,1
1760,17,2025-04-23,Pull,72,1
1761,17,2025-04-25,Push,73,1
1762,17,2025-04-28,Push,87,1
1763,17,2025-04-29,Pull,91,1
1764,17,2025-04-30,Legs,56,1
1765,17,2025-05-01,Push,48,1
1766,17,2025-05-02,Pull,91,1
1767,17,2025-05-03,Legs,42,1
1768,17,2025-05-04,Push,63,1
1769,17,2025-05-05,Pull,50,1
1770,17,2025-05-06,Legs,83,1
1771,17,2025-05-07,Push,62,1
1772,17,2025-05-08,Pull,79,1
1773,17,2025-05-09,Legs,71,1
1774,17,2025-05-10,Push,73,1
1775,17,2025-05-11,Pull,66,1
1776,17,2025-05-12,Legs,65,1
1777,17,2025-05-13,Push,66,1
1778,17,2025-05-16,Push,77,1
1779,17,2025-05-18,Legs,83,1
1780,17,2025-05-19,Push,93,1
1781,17,2025-05-20,Pull,79,1
1782,17,2025-05-21,Legs,76,1
1783,17,2025-05-22,Push,71,1
1784,17,2025-05-23,Pull,79,1
1785,17,2025-05-24,Legs,71,1
1786,17,2025-05-25,Push,94,1
1787,17,2025-05-27,Legs,49,1
1788,17,2025-05-28,Push,50,1
1789,17,2025-05-29,Pull,75,1
1790,17,2025-05-30,Legs,107,1
1791,17,2025-06-02,Legs,51,1
1792,17,2025-06-03,Push,42,1
1793,17,2025-06-05,Legs,91,1
1794,17,2025-06-06,Push,74,1
1795,17,2025-06-07,Pull,73,1
1796,17,2025-06-08,Legs,63,1
1797,17,2025-06-09,Push,71,1
1798,17,2025-06-12,Push,35,1
1799,17,2025-06-13,Pull,81,1
1800,17,2025-06-14,Legs,85,1
1801,17,2025-06-15,Push,75,1
1802,17,2025-06-18,Push,94,1
1803,17,2025-06-19,Pull,82,1
1804,17,2025-06-21,Push,89,1
1805,17,2025-06-22,Pull,78,1
1806,17,2025-06-24,Push,65,1
1807,17,2025-06-26,Legs,83,1
1808,17,2025-06-27,Push,61,1
1809,17,2025-06-28,Pull,93,1
1810,18,2025-01-05,Legs,75,1
1811,18,2025-01-06,Chest,75,1
1812,18,2025-01-07,Back,42,1
1813,18,2025-01-08,Shoulders,60,1
1814,18,2025-01-11,Chest,76,1
1815,18,2025-01-13,Shoulders,80,1
1816,18,2025-01-14,Arms,64,1
1817,18,2025-01-16,Chest,78,1
1818,18,2025-01-25,Legs,95,1
1819,18,2025-01-26,Chest,72,1
1820,18,2025-01-27,Back,79,1
1821,18,2025-01-30,Legs,74,1
1822,18,2025-02-03,Arms,67,1
1823,18,2025-02-04,Legs,76,1
1824,18,2025-02-05,Chest,71,1
1825,18,2025-02-07,Shoulders,60,1
1826,18,2025-02-11,Back,70,1
1827,18,2025-02-14,Legs,71,1
1828,18,2025-02-18,Arms,66,1
1829,18,2025-02-19,Legs,62,1
1830,18,2025-02-21,Back,46,1
1831,18,2025-02-25,Chest,84,1
1832,18,2025-02-26,Back,79,1
1833,18,2025-03-03,Back,74,1
1834,18,2025-03-06,Legs,66,1
1835,18,2025-03-09,Shoulders,76,1
1836,18,2025-03-10,Arms,85,1
1837,18,2025-03-13,Back,69,1
1838,18,2025-03-14,Shoulders,74,1
1839,18,2025-03-15,Arms,74,1
1840,18,2025-03-16,Legs,60,1
1841,18,2025-03-17,Chest,71,1
1842,18,2025-03-18,Back,77,1
1843,18,2025-03-19,Shoulders,75,1
1844,18,2025-03-20,Arms,55,1
1845,18,2025-03-21,Legs,62,1
1846,18,2025-03-23,Back,35,1
1847,18,2025-03-26,Legs,74,1
1848,18,2025-03-27,Chest,77,1
1849,18,2025-03-28,Back,59,1
1850,18,2025-04-03,Shoulders,80,1
1851,18,2025-04-08,Shoulders,66,1
1852,18,2025-04-13,Shoulders,69,1
1853,18,2025-04-14,Arms,77,1
1854,18,2025-04-15,Legs,73,1
1855,18,2025-04-16,Chest,80,1
1856,18,2025-04-17,Back,69,1
1857,18,2025-04-18,Shoulders,87,1
1858,18,2025-04-19,Arms,45,1
1859,18,2025-04-20,Legs,52,1
1860,18,2025-04-21,Chest,84,1
1861,18,2025-04-22,Back,82,1
1862,18,2025-04-23,Shoulders,35,1
1863,18,2025-04-25,Legs,80,1
1864,18,2025-04-26,Chest,75,1
1865,18,2025-04-27,Back,83,1
1866,18,2025-04-29,Arms,77,1
1867,18,2025-05-01,Chest,84,1
1868,18,2025-05-04,Arms,84,1
1869,18,2025-05-06,Chest,87,1
1870,18,2025-05-08,Shoulders,79,1
1871,18,2025-05-09,Arms,74,1
1872,18,2025-05-10,Legs,41,1
1873,18,2025-05-12,Back,76,1
1874,18,2025-05-14,Arms,75,1
1875,18,2025-05-19,Arms,88,1
1876,18,2025-05-21,Chest,53,1
1877,18,2025-05-22,Back,63,1
1878,18,2025-05-25,Legs,90,1
1879,18,2025-05-27,Back,53,1
1880,18,2025-05-29,Arms,67,1
1881,18,2025-05-30,Legs,93,1
1882,18,2025-05-31,Chest,61,1
1883,18,2025-06-01,Back,78,1
1884,18,2025-06-04,Legs,66,1
1885,18,2025-06-08,Arms,76,1
1886,18,2025-06-11,Back,57,1
1887,18,2025-06-17,Shoulders,49,1
1888,18,2025-06-18,Arms,48,1
1889,18,2025-06-20,Chest,90,1
1890,18,2025-06-24,Legs,62,1
1891,18,2025-06-25,Chest,73,1
1892,18,2025-06-29,Legs,43,1
1893,19,2025-01-01,Push,42,1
1894,19,2025-01-03,Legs,68,1
1895,19,2025-01-05,Pull,68,1
1896,19,2025-01-07,Push,79,1
1897,19,2025-01-15,Legs,60,1
1898,19,2025-01-16,Push,64,1
1899,19,2025-01-19,Push,95,1
1900,19,2025-01-20,Pull,51,1
1901,19,2025-01-23,Pull,74,1
1902,19,2025-01-25,Push,83,1
1903,19,2025-01-26,Pull,72,1
1904,19,2025-01-31,Push,70,1
1905,19,2025-02-01,Pull,59,1
1906,19,2025-02-02,Legs,57,1
1907,19,2025-02-05,Legs,62,1
1908,19,2025-02-10,Pull,82,1
1909,19,2025-02-13,Pull,39,1
1910,19,2025-02-14,Legs,62,1
1911,19,2025-02-16,Pull,62,1
1912,19,2025-02-18,Push,63,1
1913,19,2025-02-19,Pull,55,1
1914,19,2025-02-26,Legs,64,1
1915,19,2025-02-28,Pull,81,1
1916,19,2025-03-05,Push,50,1
1917,19,2025-03-06,Pull,93,1
1918,19,2025-03-11,Push,81,1
1919,19,2025-03-13,Legs,60,1
1920,19,2025-03-16,Legs,62,1
1921,19,2025-03-17,Push,95,1
1922,19,2025-03-18,Pull,79,1
1923,19,2025-03-20,Push,78,1
1924,19,2025-03-23,Push,87,1
1925,19,2025-03-26,Push,90,1
1926,19,2025-03-27,Pull,55,1
1927,19,2025-03-31,Legs,43,1
1928,19,2025-04-04,Push,50,1
1929,19,2025-04-05,Pull,69,1
1930,19,2025-04-09,Legs,52,1
1931,19,2025-04-10,Push,61,1
1932,19,2025-04-14,Pull,75,1
1933,19,2025-04-21,Legs,89,1
1934,19,2025-04-23,Pull,78,1
1935,19,2025-04-24,Legs,63,1
1936,19,2025-04-26,Pull,84,1
1937,19,2025-04-27,Legs,56,1
1938,19,2025-04-28,Push,96,1
1939,19,2025-04-30,Legs,89,1
1940,19,2025-05-04,Push,70,1
1941,19,2025-05-10,Push,80,1
1942,19,2025-05-11,Pull,52,1
1943,19,2025-05-13,Push,53,1
1944,19,2025-05-15,Legs,62,1
1945,19,2025-05-27,Legs,60,1
1946,19,2025-05-30,Legs,69,1
1947,19,2025-06-01,Pull,69,1
1948,19,2025-06-04,Pull,71,1
1949,19,2025-06-05,Legs,35,1
1950,19,2025-06-10,Pull,63,1
1951,19,2025-06-11,Legs,37,1
1952,19,2025-06-13,Pull,65,1
1953,19,2025-06-18,Push,76,1
1954,19,2025-06-20,Legs,64,1
1955,19,2025-06-23,Legs,86,1
1956,19,2025-06-26,Legs,77,1
1957,19,2025-06-27,Push,80,1
1958,19,2025-06-29,Legs,60,1
1959,20,2025-01-03,Upper,67,1
1960,20,2025-01-06,Lower,69,1
1961,20,2025-01-08,Lower,92,1
1962,20,2025-01-09,Upper,59,1
1963,20,2025-01-10,Lower,66,1
1964,20,2025-01-14,Lower,48,1
1965,20,2025-01-16,Lower,75,1
1966,20,2025-01-17,Upper,42,1
1967,20,2025-01-18,Lower,59,1
1968,20,2025-01-21,Upper,74,1
1969,20,2025-01-22,Lower,60,1
1970,20,2025-01-23,Upper,75,1
1971,20,2025-01-25,Upper,54,1
1972,20,2025-01-26,Lower,70,1
1973,20,2025-01-27,Upper,102,1
1974,20,2025-01-29,Upper,92,1
1975,20,2025-01-31,Upper,85,1
1976,20,2025-02-04,Upper,60,1
1977,20,2025-02-07,Lower,58,1
1978,20,2025-02-10,Upper,66,1
1979,20,2025-02-11,Lower,78,1
1980,20,2025-02-12,Upper,56,1
1981,20,2025-02-13,Lower,70,1
1982,20,2025-02-14,Upper,57,1
1983,20,2025-02-15,Lower,61,1
1984,20,2025-02-18,Upper,35,1
1985,20,2025-02-21,Lower,97,1
1986,20,2025-02-22,Upper,35,1
1987,20,2025-02-23,Lower,58,1
1988,20,2025-02-24,Upper,59,1
1989,20,2025-02-25,Lower,56,1
1990,20,2025-02-27,Lower,71,1
1991,20,2025-02-28,Upper,53,1
1992,20,2025-03-01,Lower,78,1
1993,20,2025-03-02,Upper,55,1
1994,20,2025-03-04,Upper,77,1
1995,20,2025-03-05,Lower,86,1
1996,20,2025-03-07,Lower,58,1
1997,20,2025-03-08,Upper,67,1
1998,20,2025-03-09,Lower,47,1
1999,20,2025-03-10,Upper,81,1
2000,20,2025-03-11,Lower,72,1
2001,20,2025-03-12,Upper,87,1
2002,20,2025-03-13,Lower,42,1
2003,20,2025-03-14,Upper,70,1
2004,20,2025-03-15,Lower,52,1
2005,20,2025-03-17,Lower,88,1
2006,20,2025-03-18,Upper,66,1
2007,20,2025-03-19,Lower,65,1
2008,20,2025-03-20,Upper,69,1
2009,20,2025-03-25,Lower,68,1
2010,20,2025-03-26,Upper,58,1
2011,20,2025-03-29,Lower,90,1
2012,20,2025-03-30,Upper,88,1
2013,20,2025-03-31,Lower,41,1
2014,20,2025-04-01,Upper,56,1
2015,20,2025-04-04,Lower,73,1
2016,20,2025-04-06,Lower,77,1
2017,20,2025-04-10,Lower,81,1
2018,20,2025-04-12,Lower,90,1
2019,20,2025-04-16,Lower,80,1
2020,20,2025-04-17,Upper,51,1
2021,20,2025-04-18,Lower,35,1
2022,20,2025-04-19,Upper,80,1
2023,20,2025-04-20,Lower,69,1
2024,20,2025-04-21,Upper,51,1
2025,20,2025-04-22,Lower,77,1
2026,20,2025-04-24,Lower,83,1
2027,20,2025-04-25,Upper,64,1
2028,20,2025-04-26,Lower,84,1
2029,20,2025-04-28,Lower,93,1
2030,20,2025-04-29,Upper,68,1
2031,20,2025-04-30,Lower,104,1
2032,20,2025-05-01,Upper,79,1
2033,20,2025-05-02,Lower,56,1
2034,20,2025-05-05,Upper,62,1
2035,20,2025-05-07,Upper,53,1
2036,20,2025-05-10,Lower,83,1
2037,20,2025-05-12,Lower,75,1
2038,20,2025-05-15,Upper,68,1
2039,20,2025-05-17,Upper,81,1
2040,20,2025-05-20,Lower,50,1
2041,20,2025-05-24,Lower,59,1
2042,20,2025-05-26,Lower,61,1
2043,20,2025-05-29,Upper,66,1
2044,20,2025-06-03,Lower,83,1
2045,20,2025-06-05,Lower,66,1
2046,20,2025-06-06,Upper,65,1
2047,20,2025-06-07,Lower,57,1
2048,20,2025-06-08,Upper,85,1
2049,20,2025-06-10,Upper,63,1
2050,20,2025-06-11,Lower,49,1
2051,20,2025-06-14,Upper,63,1
2052,20,2025-06-18,Upper,53,1
2053,20,2025-06-19,Lower,77,1
2054,20,2025-06-20,Upper,75,1
2055,20,2025-06-21,Lower,66,1
2056,20,2025-06-22,Upper,72,1
2057,20,2025-06-25,Lower,87,1
2058,20,2025-06-26,Upper,84,1
2059,20,2025-06-27,Lower,105,1
2060,20,2025-06-29,Lower,81,1
2061,21,2025-01-01,Chest,46,1
2062,21,2025-01-03,Shoulders,52,1
2063,21,2025-01-04,Arms,69,1
2064,21,2025-01-05,Legs,49,1
2065,21,2025-01-06,Chest,68,1
2066,21,2025-01-07,Back,71,1
2067,21,2025-01-09,Arms,66,1
2068,21,2025-01-10,Legs,51,1
2069,21,2025-01-12,Back,77,1
2070,21,2025-01-13,Shoulders,66,1
2071,21,2025-01-15,Legs,72,1
2072,21,2025-01-16,Chest,60,1
2073,21,2025-01-17,Back,86,1
2074,21,2025-01-19,Arms,99,1
2075,21,2025-01-21,Chest,53,1
2076,21,2025-01-22,Back,67,1
2077,21,2025-01-23,Shoulders,51,1
2078,21,2025-01-24,Arms,78,1
2079,21,2025-01-26,Chest,75,1
2080,21,2025-01-27,Back,101,1
2081,21,2025-01-28,Shoulders,66,1
2082,21,2025-01-29,Arms,70,1
2083,21,2025-01-31,Chest,56,1
2084,21,2025-02-01,Back,73,1
2085,21,2025-02-02,Shoulders,76,1
2086,21,2025-02-03,Arms,92,1
2087,21,2025-02-05,Chest,44,1
2088,21,2025-02-07,Shoulders,72,1
2089,21,2025-02-09,Legs,44,1
2090,21,2025-02-12,Shoulders,50,1
2091,21,2025-02-15,Chest,69,1
2092,21,2025-02-16,Back,73,1
2093,21,2025-02-17,Shoulders,92,1
2094,21,2025-02-19,Legs,70,1
2095,21,2025-02-20,Chest,95,1
2096,21,2025-02-27,Shoulders,60,1
2097,21,2025-02-28,Arms,45,1
2098,21,2025-03-01,Legs,61,1
2099,21,2025-03-02,Chest,79,1
2100,21,2025-03-05,Arms,55,1
2101,21,2025-03-09,Shoulders,67,1
2102,21,2025-03-11,Legs,60,1
2103,21,2025-03-12,Chest,64,1
2104,21,2025-03-13,Back,77,1
2105,21,2025-03-16,Legs,73,1
2106,21,2025-03-17,Chest,69,1
2107,21,2025-03-19,Shoulders,37,1
2108,21,2025-03-21,Legs,96,1
2109,21,2025-03-22,Chest,63,1
2110,21,2025-03-23,Back,35,1
2111,21,2025-03-28,Back,45,1
2112,21,2025-03-29,Shoulders,79,1
2113,21,2025-03-30,Arms,60,1
2114,21,2025-04-04,Arms,64,1
2115,21,2025-04-05,Legs,74,1
2116,21,2025-04-06,Chest,95,1
2117,21,2025-04-07,Back,39,1
2118,21,2025-04-09,Arms,37,1
2119,21,2025-04-10,Legs,74,1
2120,21,2025-04-12,Back,64,1
2121,21,2025-04-13,Shoulders,75,1
2122,21,2025-04-14,Arms,93,1
2123,21,2025-04-17,Back,99,1
2124,21,2025-04-22,Back,82,1
2125,21,2025-04-23,Shoulders,64,1
2126,21,2025-04-24,Arms,73,1
2127,21,2025-04-26,Chest,49,1
2128,21,2025-04-27,Back,53,1
2129,21,2025-04-28,Shoulders,65,1
2130,21,2025-04-30,Legs,65,1
2131,21,2025-05-01,Chest,98,1
2132,21,2025-05-02,Back,80,1
2133,21,2025-05-03,Shoulders,35,1
2134,21,2025-05-04,Arms,66,1
2135,21,2025-05-05,Legs,83,1
2136,21,2025-05-09,Arms,62,1
2137,21,2025-05-10,Legs,79,1
2138,21,2025-05-11,Chest,93,1
2139,21,2025-05-13,Shoulders,75,1
2140,21,2025-05-14,Arms,81,1
2141,21,2025-05-16,Chest,88,1
2142,21,2025-05-19,Arms,54,1
2143,21,2025-05-24,Arms,89,1
2144,21,2025-05-25,Legs,82,1
2145,21,2025-05-26,Chest,57,1
2146,21,2025-05-28,Shoulders,50,1
2147,21,2025-05-29,Arms,80,1
2148,21,2025-06-02,Shoulders,92,1
2149,21,2025-06-03,Arms,79,1
2150,21,2025-06-06,Back,82,1
2151,21,2025-06-07,Shoulders,47,1
2152,21,2025-06-08,Arms,76,1
2153,21,2025-06-09,Legs,71,1
2154,21,2025-06-11,Back,80,1
2155,21,2025-06-12,Shoulders,65,1
2156,21,2025-06-13,Arms,76,1
2157,21,2025-06-15,Chest,47,1
2158,21,2025-06-16,Back,48,1
2159,21,2025-06-17,Shoulders,52,1
2160,21,2025-06-18,Arms,50,1
2161,21,2025-06-19,Legs,77,1
2162,21,2025-06-22,Shoulders,70,1
2163,21,2025-06-24,Legs,65,1
2164,21,2025-06-28,Arms,61,1
2165,21,2025-06-29,Legs,80,1
2166,22,2025-01-02,Back,56,1
2167,22,2025-01-05,Legs,60,1
2168,22,2025-01-08,Shoulders,94,1
2169,22,2025-01-10,Legs,70,1
2170,22,2025-01-11,Chest,71,1
2171,22,2025-01-13,Shoulders,77,1
2172,22,2025-01-14,Arms,65,1
2173,22,2025-01-15,Legs,70,1
2174,22,2025-01-16,Chest,87,1
2175,22,2025-01-17,Back,74,1
2176,22,2025-01-18,Shoulders,64,1
2177,22,2025-01-22,Back,69,1
2178,22,2025-01-27,Back,48,1
2179,22,2025-01-29,Arms,88,1
2180,22,2025-01-31,Chest,41,1
2181,22,2025-02-01,Back,79,1
2182,22,2025-02-02,Shoulders,85,1
2183,22,2025-02-03,Arms,88,1
2184,22,2025-02-04,Legs,57,1
2185,22,2025-02-06,Back,83,1
2186,22,2025-02-08,Arms,90,1
2187,22,2025-02-09,Legs,66,1
2188,22,2025-02-10,Chest,83,1
2189,22,2025-02-16,Back,54,1
2190,22,2025-02-17,Shoulders,57,1
2191,22,2025-02-18,Arms,78,1
2192,22,2025-02-19,Legs,90,1
2193,22,2025-02-22,Shoulders,64,1
2194,22,2025-02-23,Arms,71,1
2195,22,2025-02-26,Back,48,1
2196,22,2025-02-28,Arms,77,1
2197,22,2025-03-01,Legs,90,1
2198,22,2025-03-04,Shoulders,78,1
2199,22,2025-03-06,Legs,65,1
2200,22,2025-03-09,Shoulders,94,1
2201,22,2025-03-14,Shoulders,56,1
2202,22,2025-03-15,Arms,60,1
2203,22,2025-03-16,Legs,36,1
2204,22,2025-03-17,Chest,71,1
2205,22,2025-03-18,Back,88,1
2206,22,2025-03-19,Shoulders,102,1
2207,22,2025-03-21,Legs,76,1
2208,22,2025-03-22,Chest,81,1
2209,22,2025-03-26,Legs,96,1
2210,22,2025-03-28,Back,65,1
2211,22,2025-04-01,Chest,89,1
2212,22,2025-04-02,Back,69,1
2213,22,2025-04-07,Back,56,1
2214,22,2025-04-11,Chest,81,1
2215,22,2025-04-13,Shoulders,95,1
2216,22,2025-04-15,Legs,55,1
2217,22,2025-04-18,Shoulders,83,1
2218,22,2025-04-21,Chest,45,1
2219,22,2025-04-23,Shoulders,56,1
2220,22,2025-04-24,Arms,69,1
2221,22,2025-04-27,Back,90,1
2222,22,2025-04-28,Shoulders,80,1
2223,22,2025-04-30,Legs,65,1
2224,22,2025-05-02,Back,59,1
2225,22,2025-05-05,Legs,54,1
2226,22,2025-05-06,Chest,71,1
2227,22,2025-05-09,Arms,56,1
2228,22,2025-05-11,Chest,55,1
2229,22,2025-05-14,Arms,66,1
2230,22,2025-05-15,Legs,83,1
2231,22,2025-05-17,Back,64,1
2232,22,2025-05-20,Legs,83,1
2233,22,2025-05-22,Back,65,1
2234,22,2025-05-24,Arms,76,1
2235,22,2025-05-25,Legs,77,1
2236,22,2025-05-26,Chest,64,1
2237,22,2025-05-28,Shoulders,72,1
2238,22,2025-05-30,Legs,85,1
2239,22,2025-05-31,Chest,67,1
2240,22,2025-06-02,Shoulders,56,1
2241,22,2025-06-07,Shoulders,60,1
2242,22,2025-06-09,Legs,80,1
2243,22,2025-06-11,Back,71,1
2244,22,2025-06-12,Shoulders,60,1
2245,22,2025-06-13,Arms,81,1
2246,22,2025-06-14,Legs,71,1
2247,22,2025-06-17,Shoulders,61,1
2248,22,2025-06-19,Legs,81,1
2249,22,2025-06-22,Shoulders,92,1
2250,22,2025-06-23,Arms,92,1
2251,22,2025-06-24,Legs,90,1
2252,22,2025-06-25,Chest,77,1
2253,22,2025-06-29,Legs,89,1
2254,23,2025-01-01,Chest,71,1
2255,23,2025-01-03,Shoulders,88,1
2256,23,2025-01-04,Arms,76,1
2257,23,2025-01-05,Legs,54,1
2258,23,2025-01-06,Chest,107,1
2259,23,2025-01-07,Back,80,1
2260,23,2025-01-09,Arms,64,1
2261,23,2025-01-12,Back,69,1
2262,23,2025-01-13,Shoulders,68,1
2263,23,2025-01-16,Chest,80,1
2264,23,2025-01-17,Back,95,1
2265,23,2025-01-24,Arms,69,1
2266,23,2025-01-26,Chest,67,1
2267,23,2025-01-31,Chest,76,1
2268,23,2025-02-01,Back,69,1
2269,23,2025-02-08,Arms,76,1
2270,23,2025-02-12,Shoulders,55,1
2271,23,2025-02-13,Arms,83,1
2272,23,2025-02-15,Chest,63,1
2273,23,2025-02-16,Back,64,1
2274,23,2025-02-17,Shoulders,69,1
2275,23,2025-02-24,Legs,66,1
2276,23,2025-02-25,Chest,71,1
2277,23,2025-02-26,Back,95,1
2278,23,2025-03-01,Legs,50,1
2279,23,2025-03-02,Chest,69,1
2280,23,2025-03-05,Arms,67,1
2281,23,2025-03-07,Chest,77,1
2282,23,2025-03-11,Legs,69,1
2283,23,2025-03-18,Back,49,1
2284,23,2025-03-22,Chest,61,1
2285,23,2025-03-23,Back,71,1
2286,23,2025-03-28,Back,51,1
2287,23,2025-03-29,Shoulders,67,1
2288,23,2025-03-31,Legs,80,1
2289,23,2025-04-04,Arms,84,1
2290,23,2025-04-07,Back,73,1
2291,23,2025-04-08,Shoulders,69,1
2292,23,2025-04-09,Arms,76,1
2293,23,2025-04-10,Legs,68,1
2294,23,2025-04-11,Chest,75,1
2295,23,2025-04-12,Back,62,1
2296,23,2025-04-17,Back,44,1
2297,23,2025-04-18,Shoulders,92,1
2298,23,2025-04-20,Legs,87,1
2299,23,2025-04-22,Back,92,1
2300,23,2025-04-23,Shoulders,58,1
2301,23,2025-04-24,Arms,84,1
2302,23,2025-04-25,Legs,91,1
2303,23,2025-04-27,Back,73,1
2304,23,2025-04-29,Arms,72,1
2305,23,2025-04-30,Legs,65,1
2306,23,2025-05-01,Chest,61,1
2307,23,2025-05-05,Legs,55,1
2308,23,2025-05-06,Chest,98,1
2309,23,2025-05-10,Legs,47,1
2310,23,2025-05-11,Chest,84,1
2311,23,2025-05-14,Arms,46,1
2312,23,2025-05-15,Legs,74,1
2313,23,2025-05-17,Back,65,1
2314,23,2025-05-18,Shoulders,60,1
2315,23,2025-05-20,Legs,109,1
2316,23,2025-05-23,Shoulders,78,1
2317,23,2025-05-25,Legs,80,1
2318,23,2025-05-27,Back,93,1
2319,23,2025-06-01,Back,52,1
2320,23,2025-06-02,Shoulders,88,1
2321,23,2025-06-03,Arms,78,1
2322,23,2025-06-07,Shoulders,54,1
2323,23,2025-06-09,Legs,71,1
2324,23,2025-06-10,Chest,79,1
2325,23,2025-06-20,Chest,69,1
2326,23,2025-06-26,Back,87,1
2327,23,2025-06-27,Shoulders,89,1
2328,24,2025-01-01,Push,89,1
2329,24,2025-01-02,Pull,54,1
2330,24,2025-01-04,Push,64,1
2331,24,2025-01-05,Pull,74,1
2332,24,2025-01-07,Push,91,1
2333,24,2025-01-09,Legs,75,1
2334,24,2025-01-12,Legs,95,1
2335,24,2025-01-14,Pull,81,1
2336,24,2025-01-15,Legs,75,1
2337,24,2025-01-16,Push,74,1
2338,24,2025-01-18,Legs,64,1
2339,24,2025-01-19,Push,71,1
2340,24,2025-01-23,Pull,52,1
2341,24,2025-01-24,Legs,91,1
2342,24,2025-01-25,Push,78,1
2343,24,2025-01-28,Push,72,1
2344,24,2025-01-30,Legs,57,1
2345,24,2025-02-01,Pull,54,1
2346,24,2025-02-02,Legs,54,1
2347,24,2025-02-03,Push,48,1
2348,24,2025-02-04,Pull,81,1
2349,24,2025-02-05,Legs,87,1
2350,24,2025-02-07,Pull,54,1
2351,24,2025-02-09,Push,75,1
2352,24,2025-02-11,Legs,62,1
2353,24,2025-02-12,Push,68,1
2354,24,2025-02-14,Legs,80,1
2355,24,2025-02-15,Push,75,1
2356,24,2025-02-17,Legs,78,1
2357,24,2025-02-19,Pull,86,1
2358,24,2025-02-21,Push,71,1
2359,24,2025-02-24,Push,73,1
2360,24,2025-02-25,Pull,75,1
2361,24,2025-02-26,Legs,66,1
2362,24,2025-02-28,Pull,45,1
2363,24,2025-03-01,Legs,79,1
2364,24,2025-03-02,Push,78,1
2365,24,2025-03-04,Legs,91,1
2366,24,2025-03-05,Push,77,1
2367,24,2025-03-08,Push,79,1
2368,24,2025-03-10,Legs,85,1
2369,24,2025-03-11,Push,86,1
2370,24,2025-03-14,Push,115,1
2371,24,2025-03-15,Pull,67,1
2372,24,2025-03-16,Legs,53,1
2373,24,2025-03-17,Push,76,1
2374,24,2025-03-19,Legs,72,1
2375,24,2025-03-20,Push,79,1
2376,24,2025-03-21,Pull,83,1
2377,24,2025-03-23,Push,65,1
2378,24,2025-03-24,Pull,69,1
2379,24,2025-03-25,Legs,104,1
2380,24,2025-03-26,Push,55,1
2381,24,2025-03-28,Legs,92,1
2382,24,2025-03-29,Push,72,1
2383,24,2025-03-30,Pull,68,1
2384,24,2025-03-31,Legs,75,1
2385,24,2025-04-01,Push,83,1
2386,24,2025-04-03,Legs,67,1
2387,24,2025-04-04,Push,95,1
2388,24,2025-04-07,Push,58,1
2389,24,2025-04-09,Legs,78,1
2390,24,2025-04-10,Push,83,1
2391,24,2025-04-12,Legs,83,1
2392,24,2025-04-13,Push,59,1
2393,24,2025-04-22,Push,81,1
2394,24,2025-04-23,Pull,70,1
2395,24,2025-04-26,Pull,75,1
2396,24,2025-04-30,Legs,69,1
2397,24,2025-05-04,Push,74,1
2398,24,2025-05-05,Pull,73,1
2399,24,2025-05-06,Legs,57,1
2400,24,2025-05-10,Push,110,1
2401,24,2025-05-11,Pull,64,1
2402,24,2025-05-12,Legs,60,1
2403,24,2025-05-13,Push,50,1
2404,24,2025-05-14,Pull,71,1
2405,24,2025-05-15,Legs,46,1
2406,24,2025-05-16,Push,62,1
2407,24,2025-05-17,Pull,99,1
2408,24,2025-05-19,Push,83,1
2409,24,2025-05-21,Legs,69,1
2410,24,2025-05-24,Legs,89,1
2411,24,2025-05-25,Push,79,1
2412,24,2025-05-26,Pull,70,1
2413,24,2025-05-28,Push,59,1
2414,24,2025-05-29,Pull,72,1
2415,24,2025-05-30,Legs,78,1
2416,24,2025-05-31,Push,70,1
2417,24,2025-06-01,Pull,72,1
2418,24,2025-06-02,Legs,74,1
2419,24,2025-06-05,Legs,72,1
2420,24,2025-06-06,Push,83,1
2421,24,2025-06-07,Pull,44,1
2422,24,2025-06-08,Legs,65,1
2423,24,2025-06-11,Legs,57,1
2424,24,2025-06-13,Pull,53,1
2425,24,2025-06-15,Push,63,1
2426,24,2025-06-16,Pull,59,1
2427,24,2025-06-17,Legs,57,1
2428,24,2025-06-18,Push,67,1
2429,24,2025-06-19,Pull,64,1
2430,24,2025-06-20,Legs,75,1
2431,24,2025-06-26,Legs,75,1
2432,24,2025-06-28,Pull,91,1
2433,24,2025-06-29,Legs,77,1
2434,25,2025-01-01,Push,52,1
2435,25,2025-01-03,Legs,85,1
2436,25,2025-01-04,Push,85,1
2437,25,2025-01-05,Pull,40,1
2438,25,2025-01-06,Legs,73,1
2439,25,2025-01-09,Legs,66,1
2440,25,2025-01-11,Pull,84,1
2441,25,2025-01-12,Legs,78,1
2442,25,2025-01-13,Push,64,1
2443,25,2025-01-14,Pull,84,1
2444,25,2025-01-17,Pull,72,1
2445,25,2025-01-18,Legs,79,1
2446,25,2025-01-19,Push,65,1
2447,25,2025-01-20,Pull,52,1
2448,25,2025-01-21,Legs,74,1
2449,25,2025-01-22,Push,52,1
2450,25,2025-01-23,Pull,54,1
2451,25,2025-01-26,Pull,57,1
2452,25,2025-01-28,Push,65,1
2453,25,2025-01-29,Pull,69,1
2454,25,2025-01-30,Legs,66,1
2455,25,2025-01-31,Push,64,1
2456,25,2025-02-01,Pull,86,1
2457,25,2025-02-02,Legs,59,1
2458,25,2025-02-06,Push,56,1
2459,25,2025-02-07,Pull,44,1
2460,25,2025-02-08,Legs,61,1
2461,25,2025-02-09,Push,37,1
2462,25,2025-02-11,Legs,84,1
2463,25,2025-02-12,Push,80,1
2464,25,2025-02-13,Pull,53,1
2465,25,2025-02-16,Pull,79,1
2466,25,2025-02-17,Legs,55,1
2467,25,2025-02-19,Pull,63,1
2468,25,2025-02-20,Legs,88,1
2469,25,2025-02-23,Legs,82,1
2470,25,2025-02-24,Push,64,1
2471,25,2025-02-25,Pull,76,1
2472,25,2025-02-26,Legs,72,1
2473,25,2025-02-27,Push,53,1
2474,25,2025-02-28,Pull,75,1
2475,25,2025-03-01,Legs,70,1
2476,25,2025-03-02,Push,96,1
2477,25,2025-03-04,Legs,52,1
2478,25,2025-03-05,Push,93,1
2479,25,2025-03-08,Push,78,1
2480,25,2025-03-09,Pull,60,1
2481,25,2025-03-12,Pull,69,1
2482,25,2025-03-13,Legs,70,1
2483,25,2025-03-14,Push,66,1
2484,25,2025-03-16,Legs,51,1
2485,25,2025-03-17,Push,77,1
2486,25,2025-03-18,Pull,50,1
2487,25,2025-03-19,Legs,106,1
2488,25,2025-03-20,Push,64,1
2489,25,2025-03-21,Pull,67,1
2490,25,2025-03-22,Legs,52,1
2491,25,2025-03-24,Pull,88,1
2492,25,2025-03-25,Legs,58,1
2493,25,2025-03-26,Push,71,1
2494,25,2025-03-27,Pull,73,1
2495,25,2025-03-28,Legs,88,1
2496,25,2025-03-29,Push,52,1
2497,25,2025-03-30,Pull,66,1
2498,25,2025-03-31,Legs,65,1
2499,25,2025-04-01,Push,45,1
2500,25,2025-04-02,Pull,56,1
2501,25,2025-04-03,Legs,79,1
2502,25,2025-04-04,Push,71,1
2503,25,2025-04-06,Legs,68,1
2504,25,2025-04-07,Push,90,1
2505,25,2025-04-08,Pull,56,1
2506,25,2025-04-09,Legs,60,1
2507,25,2025-04-10,Push,80,1
2508,25,2025-04-11,Pull,66,1
2509,25,2025-04-12,Legs,82,1
2510,25,2025-04-14,Pull,75,1
2511,25,2025-04-15,Legs,70,1
2512,25,2025-04-17,Pull,85,1
2513,25,2025-04-18,Legs,95,1
2514,25,2025-04-19,Push,64,1
2515,25,2025-04-21,Legs,64,1
2516,25,2025-04-22,Push,43,1
2517,25,2025-04-23,Pull,72,1
2518,25,2025-04-24,Legs,77,1
2519,25,2025-04-25,Push,88,1
2520,25,2025-04-26,Pull,72,1
2521,25,2025-04-27,Legs,77,1
2522,25,2025-04-29,Pull,70,1
2523,25,2025-04-30,Legs,72,1
2524,25,2025-05-01,Push,79,1
2525,25,2025-05-03,Legs,78,1
2526,25,2025-05-04,Push,90,1
2527,25,2025-05-05,Pull,72,1
2528,25,2025-05-08,Pull,85,1
2529,25,2025-05-09,Legs,63,1
2530,25,2025-05-10,Push,73,1
2531,25,2025-05-11,Pull,71,1
2532,25,2025-05-12,Legs,70,1
2533,25,2025-05-13,Push,74,1
2534,25,2025-05-14,Pull,71,1
2535,25,2025-05-16,Push,77,1
2536,25,2025-05-17,Pull,74,1
2537,25,2025-05-18,Legs,64,1
2538,25,2025-05-19,Push,51,1
2539,25,2025-05-22,Push,88,1
2540,25,2025-05-23,Pull,64,1
2541,25,2025-05-26,Pull,64,1
2542,25,2025-05-27,Legs,96,1
2543,25,2025-05-29,Pull,81,1
2544,25,2025-05-30,Legs,68,1
2545,25,2025-05-31,Push,73,1
2546,25,2025-06-01,Pull,80,1
2547,25,2025-06-02,Legs,45,1
2548,25,2025-06-04,Pull,65,1
2549,25,2025-06-05,Legs,65,1
2550,25,2025-06-07,Pull,66,1
2551,25,2025-06-08,Legs,69,1
2552,25,2025-06-09,Push,74,1
2553,25,2025-06-11,Legs,45,1
2554,25,2025-06-12,Push,79,1
2555,25,2025-06-13,Pull,39,1
2556,25,2025-06-14,Legs,77,1
2557,25,2025-06-15,Push,82,1
2558,25,2025-06-16,Pull,74,1
2559,25,2025-06-17,Legs,59,1
2560,25,2025-06-18,Push,106,1
2561,25,2025-06-19,Pull,97,1
2562,25,2025-06-22,Pull,62,1
2563,25,2025-06-23,Legs,89,1
2564,25,2025-06-24,Push,64,1
2565,25,2025-06-25,Pull,64,1
2566,25,2025-06-26,Legs,89,1
2567,25,2025-06-27,Push,48,1
2568,25,2025-06-28,Pull,56,1
2569,25,2025-06-29,Legs,38,1
